Country,Trade Flow,Product Group,Indicator,1988,1989,1990,1991,1992,1993,1994,1995,1996,1997,1998,1999,2000,2001,2002,2003,2004,2005,2006,2007,2008,2009,2010,2011,2012,2013,2014,2015,2016,2017,2018,2019,2020,2021,2022
Afghanistan,Export,Food Products,Export (US$ Thousand),6299.405,10934.958,16209.327,13178.716,14123.406,18292.949,20007.484,27513.719,41017.451,28343.646,26882.488,16770.288,61958.1037,47982.8904,111404.828,173955.265,180434.955,321840.794,371390.068,303638.234,395515.729,467072.427,759073.965,895551.578,601970.956,1107465.81,1044011.8,1019755.42,760862.014,1029664.9,1263665.82,844663.025,975028.419,745831.31,
Antarctica,Export,Food Products,Export (US$ Thousand),,,,,,,,,,,,,220.113088,286.688182,903.03875,174.717548,1024.809,2830.17,1468.429,856.077,8514.877,624.094729,93368.4123,1265.29027,893.581681,865.409991,823.896206,1069.90393,1146.43292,1579.35433,971.429769,1242.20613,641.02139,432.922479,2021
Antigua and Barbuda,Export,Food Products,Export (US$ Thousand),165.957,2113.681,1857.924,11939.629,14501.195,22810.192,21267.582,21535.707,20030.436,20162.015,29148.077,30968.863,34369.9633,28181.9684,31126.1307,28626.6823,32146.4926,38239.847,44902.4015,49516.1305,59225.9031,188655.643,219092.617,133822.862,68845.5252,56743.9024,56301.2179,59597.7495,60683.216,63835.989,66339.6392,65657.8835,48239.8634,56236.2995,745831.31
Aruba,Export,Food Products,Export (US$ Thousand),118.355,1068.081,1142.645,22127.416,66024.678,112158.199,160520.4,168812.629,227233.557,248800.928,240159.079,128088.87,139724.976,142964.987,150334.055,133950.765,137534.279,176643.308,166182.336,174315.752,186176.877,221758.16,205796.786,258417.31,329544.363,321456.081,238328.759,193993.889,187585.385,187073.471,196971.183,213040.7,169480.698,188001.994,432.922479
Bahrain,Export,Food Products,Export (US$ Thousand),8635.189,23557.38,25079.2,48721.212,64396.555,86456.367,89489.831,96783.163,103068.191,94701.24,109526.162,99898.183,179655.718,207772.377,231297.475,231658.441,248911.929,261801.711,292269.663,330770.871,414878.693,401796.81,446795.346,511445.126,581858.245,744751.37,752116.4,797495.373,741919.13,711026.363,769656.197,753931.472,664541.871,649225.184,56236.2995
Belarus,Export,Food Products,Export (US$ Thousand),,,,,21072.989,109184.926,162686.85,317639.075,396763.978,254326.015,161963.164,92361.178,151892.931,173231.66,216194.002,246950.837,417477.304,493567.439,635744.069,736524.888,902865.233,710392.514,880161.185,891727.939,1387263.07,1745576.36,1912028.3,1410336.92,1407488.7,1743945.72,1774776.08,1878668.3,1962229.17,2132227.71,188001.994
Bermuda,Export,Food Products,Export (US$ Thousand),2268.55,7211.226,7200.75,56202.132,58360.918,61200.892,65644.5,69786.962,75593.532,70383.732,62928.729,65793.872,70235.6929,58479.3281,59538.5192,69253.2952,89310.9349,76728.3635,87832.8637,103004.195,106349.759,101700.253,98713.0801,100913.912,96281.814,95998.322,97517.6637,100831.849,100366.919,114720.381,105102.703,104025.382,90626.5257,97165.36,649225.184
Bosnia and Herzegovina,Export,Food Products,Export (US$ Thousand),,,,,79591.584,95576.188,137682.592,175778.931,412177.905,382097.215,384407.163,366674.504,479763.933,568002.281,812201.009,855243.056,1018659.28,874271.102,1078203.75,1211689.39,1465503.87,1378343.36,1303261.3,1397527.11,1329810.09,1364230.63,1362990.08,1149124.45,1149248.83,1219226.08,1396864.16,1359189.27,1306755.61,1534727.58,2132227.71
Botswana,Export,Food Products,Export (US$ Thousand),,,,,,,,,,,,,27542.546,7173.7529,11809.893,20560.8746,22446.8186,21898.8182,21106.3366,24802.3165,49208.3777,60226.0654,409867.87,391694.656,404886.311,373857.87,348162.587,319291.645,343983.847,386160.825,418635.621,485249.493,397661.762,449411.825,97165.36
Bunkers,Export,Food Products,Export (US$ Thousand),14564.691,18334.547,26942.389,54642.815,55440.175,57445.909,149764.767,254905.523,154689.086,249562.563,196861.789,147697.71,220392.276,331431.864,235082.848,289843.131,162438.342,133350.099,169120.832,194351.929,167221.082,151151.98,1099800.28,1495363.88,1527023.07,1446141.76,1608649.45,1421529.57,1594352.13,1542102.13,1937192.02,1752715.39,735168.985,903232.033,1534727.58
Cameroon,Export,Food Products,Export (US$ Thousand),20551.442,24030.817,30655.166,35544.787,41866.425,38603.716,39585.26,53243.714,57074.116,65005.686,92036.561,79108.003,135384.34,151037.912,166890.346,179083.828,184540.674,169793.372,198173.716,291708.547,321361.133,313860.699,376430.663,483860.199,509480.504,524244.143,548308.933,440219.324,413524.366,478382.683,483206.266,483598.122,583675.925,527669.748,449411.825
Christmas Island,Export,Food Products,Export (US$ Thousand),287.401,197.599,347.692,573.319,723.98,1085.156,1569.576,1731.009,1529.8,1015.241,668.875,692.775,958.299,1372.07263,1350.117,747.102528,938.955,1245.834,1188.421,1360.899,909.312458,1598.947,3320.72317,3787.60579,3188.33729,3175.62581,2454.99796,1066.91875,1472.01566,2358.22744,1321.54326,1161.97159,1009.64768,3008.97728,903232.033
Cuba,Export,Food Products,Export (US$ Thousand),933.532,9365.937,9568.121,12425.562,30547.741,81819.98,97855.509,136361.464,128272.981,130478.369,104121.159,111197.888,159778.056,163679.68,148411.008,205902.711,205371.141,240753.49,301650.585,365774.042,459712.106,317573.34,402686.517,375578.576,406459.948,505568.12,586951.425,572968.596,634700.343,644642.511,713699.352,707752.757,432944.363,423538.141,527669.748
Curaçao,Export,Food Products,Export (US$ Thousand),,,,,,,,,,,,,,,,,,,,,,,4.20763639,335538.487,328605.868,179877.158,224493.39,235615.955,196525.699,189398.552,213101.821,226896.797,189029.346,208946.741,3008.97728
Djibouti,Export,Food Products,Export (US$ Thousand),1591.669,2049.35,4047.533,13915.359,19585.815,34236.329,45971.89,53677.579,51348.831,48470.645,74106.189,65521.16,115215.853,82307.9981,110603.267,138661.422,110846.751,76969.5194,97850.0231,144578.31,182754.049,166288.431,194080.479,246327.473,312887.378,312487.619,271612.626,270372.434,393702.583,260052.759,393259.525,297268.886,327546.029,489711.163,423538.141
"Egypt, Arab Rep.",Export,Food Products,Export (US$ Thousand),43564.39,129319.842,189459.435,259070.385,336515.307,330363.491,418231.083,671533.172,591892.162,699220.275,887285.023,825439.061,1070766.36,1099104.6,960009.735,946542.551,1102241.71,1119694.22,1235277.96,1335632.54,1732677.34,1847587.6,2348870.11,3090754.12,3266661.64,2839590.39,3312980.71,3115589.64,2846136.9,2591242.78,2959441.86,2475521.63,2362585.36,2813419.77,208946.741
El Salvador,Export,Food Products,Export (US$ Thousand),479.123,2221.645,4335.746,30480.613,46976.541,87339.503,97605.866,124106.579,149859.387,177546.164,189151.48,208997.871,183397.611,256733.106,256856.704,290253.053,317111.129,380843.58,441505.369,524858.297,607793.779,487252.623,541643.389,658177.838,728940.579,710328.19,761882.792,775113.849,797149.407,772684.401,830412.591,859679.899,921532.649,1071669.92,489711.163
Angola,Export,Food Products,Export (US$ Thousand),46934.34,135228.168,130119.065,152180.085,275006.249,125144.21,140332.163,191431.603,238816.731,235124.909,222234.514,199026.57,358353.42,483319.669,573169.987,815977.15,814736.058,848869.269,1186452.41,1377949.73,1935739.25,1779038.58,1779498.92,2448807.63,2551059.12,2836448.29,2837717.92,1576542.25,1069171.96,1254574.79,1071100.47,947575.795,646745.097,670760.226,2813419.77
Armenia,Export,Food Products,Export (US$ Thousand),,,,,1058.882,6712.164,10083.394,16743.123,73052.493,63563.26,66509.49,34269.14,49341.6098,70170.6182,67880.749,90854.1272,122074.323,155844.385,199386.39,289013.924,328073.917,244678.033,292788.41,339300.406,359729.031,397562.095,361045.885,270000.42,309376.782,338279.456,364674.633,415579.812,383803.213,435002.554,1071669.92
Brazil,Export,Food Products,Export (US$ Thousand),10477.002,25061.911,58291.766,121152.635,81991.827,266938.796,693344.173,1359535.42,1202524.72,1232753.44,1039673.17,782274.925,1018298.48,947154.167,979474.189,933271.241,1027297,1147845.01,1384231.13,1685706.19,2120367.65,2183053.91,2869500.52,4538358.68,3785472.79,3989223.99,4342062.63,3495086.41,3679369.99,4260694.18,4581788.72,4183202.69,3860724.07,3996793.25,670760.226
Chad,Export,Food Products,Export (US$ Thousand),422.944,822.515,2911.599,1032.235,1932.18,3354.671,4343.596,12539.045,12785.805,12239.19,10193.464,6060.572,15777.1619,19173.6063,25377.0719,26095.5737,32435.6468,33742.608,41341.1313,44774.0014,108617.87,127036.162,137654.013,96319.7066,115812.129,142905.299,130206.297,127382.142,88562.1452,122528.255,120389.085,117553.148,150556.326,121560.825,435002.554
Comoros,Export,Food Products,Export (US$ Thousand),192.845,220.909,875.309,421.19,5578.344,6828.228,11272.174,12042.293,14024.634,14622.487,16708.484,18427.458,10410.4755,14683.8939,13365.9921,12356.6275,15291.3172,14718.5363,20684.1073,21288.0268,21055.8829,23055.9581,30674.4073,27256.6856,35999.4842,35754.941,34388.4118,47191.9612,60687.4789,39676.5473,61829.3529,41698.3115,36123.6053,47631.0917,3996793.25
Costa Rica,Export,Food Products,Export (US$ Thousand),371.342,6653.321,4837.479,17583.419,23014.901,61103.342,79391.169,103360.719,108019.054,127883.336,138338.558,153733.51,160987.093,216845.998,229822.369,248937.031,288991.52,315413.394,354591.015,455566.187,503690.682,456525.005,471003.67,603171.004,708953.32,678142.985,718466.43,756893.957,753938.446,819856.491,858433.113,876391.545,845713.063,1015658.97,121560.825
Dominican Republic,Export,Food Products,Export (US$ Thousand),1724.782,13380.51,9702.767,129633.384,141073.701,191628.012,229122.768,246390.279,302841.27,384883.741,389596.286,461299.5,495674.555,479310.42,518743.907,460855.46,438171.575,520701.792,671828.401,829473.702,972324.694,933226.533,1039044.81,1139350.29,1199737.14,1298378.75,1445419.15,1441381.01,1517583.51,1526163,1689919.77,1800470.45,1780110.25,2157030.03,47631.0917
Eswatini,Export,Food Products,Export (US$ Thousand),,,,,,,,,,,,,4492.80687,3077.88159,3885.68375,4829.32595,5724.33503,4936.12877,5015.12324,10805.6243,22380.5463,34152.6,185462.836,181789.636,184790.22,156563.364,151365.662,157167.752,131384.753,151080.629,164901.144,172769.751,148328.387,181647.312,1015658.97
France,Export,Food Products,Export (US$ Thousand),1264255.11,2163268.21,2756577.23,3013108.08,5269051.7,5825701.03,7650930.38,11232815,11915024,11086152,11113718,11280140.7,10367321.3,10744461.1,12277060.8,14525201.8,15902991.6,16770520.5,18140425.4,21769292.4,25276366,24030314.4,23043993.8,26261565.3,25864958.1,27797595.2,28205473.6,23761054.1,23774328.4,25025869.6,26793178.5,26192286.7,26443888.3,29713521.9,2157030.03
Grenada,Export,Food Products,Export (US$ Thousand),210.509,932.292,820.423,7484.405,6371.038,9539.005,8707.787,9743.158,11417.313,13022.783,15239.634,16549.734,19551.0377,19874.069,20118.7009,21640.6898,20588.608,28040.5648,30436.7774,33036.257,33557.85,29448.0631,27556.7149,32317.5849,32721.286,32814.1876,35817.8957,38770.9379,43605.5749,50297.3191,51128.7096,51970.394,48458.9972,51197.9571,181647.312
Iceland,Export,Food Products,Export (US$ Thousand),10553.997,24624.284,31269.052,44312.183,57488.338,67734.916,92184.06,102593.895,112928.379,108427.254,109936.731,114398.21,175077.578,178407.789,197096.479,225673.579,267860.575,289257.922,318152.906,376922.103,389433.035,321762.839,323979.289,374231.989,392949.565,452316.642,483437.95,483899.539,536934.225,643494.472,716557.751,730094.539,692484.694,820209.922,29713521.9
Indonesia,Export,Food Products,Export (US$ Thousand),30086.633,160363.217,164201.929,212234.73,324646.321,375064.643,538469.892,957698.552,1227765.95,1347485.16,811197.165,810924.565,1151031.23,1335539.97,1395160.54,1854367.22,2036203.45,2309081.89,2379187.94,3032849.89,3604827.88,3880644.23,4926543.27,6009812.4,7265488.5,7354967.29,7046541.63,5913608.2,6915139.45,7476448.67,7720370.35,7423429.53,7386891.01,9172892.68,51197.9571
Latvia,Export,Food Products,Export (US$ Thousand),,,,,29796.851,76286.939,161359.089,237281.785,348540.263,281047.839,293624.64,234140.873,263640.375,332377.117,341576.467,410127.376,470755.498,566920.499,764334.016,1021455.12,1290658.53,961179.004,1041888.28,1392718.95,1625745.05,1780415.48,1963864.76,1478469.51,1515026.34,1794032.91,1906645.1,2019364.19,2213111.91,2396564.37,820209.922
Marshall Islands,Export,Food Products,Export (US$ Thousand),,,,,9622.341,8608.748,9127.711,7444.062,5396.198,5750.452,6788.545,5230.935,5554.87474,5424.22571,5866.02676,6217.47399,6208.22787,8159.07899,8578.74237,9769.55295,12164.518,10810.2894,14662.2345,11214.0728,12932.0807,15386.4228,18225.072,17355.2618,18776.3636,21720.1074,21438.7792,21061.9533,23227.7476,23026.6398,9172892.68
Myanmar,Export,Food Products,Export (US$ Thousand),136.101,15982.223,28528.412,29690.774,63896.363,152745.739,204846.227,253938.401,278243.526,198148.047,114443.994,109391.628,126643.585,111984.549,112319.646,104993.24,144209.451,170849.241,225341.281,240384.511,338226.998,447383.784,639209.887,898830.909,1066629.96,1224402.89,1410669.88,1900403.26,2458713.38,2279082.19,2190237.44,1950832.27,1882306.86,1878225.63,2396564.37
Netherlands Antilles,Export,Food Products,Export (US$ Thousand),2157.158,10764.339,10624.239,99981.291,125271.509,153594.491,135001.201,132110.471,149960.253,138167.402,134501.879,165390.368,229758.558,211367.525,210962.985,221900.172,231764.438,235094.453,277838.595,302671.287,324051.177,349372.778,284501.255,,,,,,,,,,,,23026.6398
American Samoa,Export,Food Products,Export (US$ Thousand),,,,,,,,,,,,,11488.708,16392.906,31322.7891,31251.8477,22078.664,21880.6629,21865.1368,32988.7923,36807.4746,34367.305,14054.1288,17563.0542,14859.0123,16545.161,15936.0495,14937.8635,13915.1176,13104.0249,12569.2983,11925.2636,12757.3249,18739.6958,1878225.63
Bolivia,Export,Food Products,Export (US$ Thousand),499.901,27298.938,18411.092,38299.426,49920.806,77003.208,90486.959,110621.945,118389.948,130645.085,143831.475,124538.182,101001.002,104408.318,95393.8011,113878.569,123378.445,153460.802,174378.435,200291.821,233532.836,230826.958,298528.004,408051.322,394016.576,453046.954,474185.969,447907.821,455274.873,500467.201,464511.377,451514.259,421858.408,444039.085,
Bulgaria,Export,Food Products,Export (US$ Thousand),31320.799,72747.213,51620.359,35884.477,163875.654,261231.563,331916.682,427488.748,462688.607,289757.541,298176.984,247599.598,197641.425,237630.628,259421.236,324594.816,391159.157,393465.361,568198.296,687162.535,1047071.6,1021993.99,1170094.38,1353504.45,1308394.03,1532950.79,1535148.61,1433777.97,1473871.49,1600861.07,1772822.39,1898894.03,1934425.48,2477792.84,18739.6958
Chile,Export,Food Products,Export (US$ Thousand),7017.993,29746.52,25722.735,94361.131,133740.921,163560.461,215111.983,302920.279,377974.251,473215.438,441974.282,394861.056,471917.252,527539.742,520702.931,560451.162,661192.469,709240.835,932295.874,1173239.91,1615392.87,1406544.52,1912699.13,2578380.29,2835408.68,3067452.88,3150948.69,2925040.35,2742580.83,3100714.9,3426715.65,3386375.15,3379031.03,4937839.5,444039.085
Croatia,Export,Food Products,Export (US$ Thousand),,,,,30828.465,82651.593,346513.075,397203.364,384526.288,366774.153,310440.29,279168.565,511838.59,626709.162,393877.016,552999.336,659586.525,727869.82,906087.055,986118.833,1203799.25,1073977.5,1820658.77,2145325.64,2095944.62,1695714.78,1327106.66,1227682.55,1348637.6,1480148.07,1683320.86,1797203.68,1788622.07,2143167.32,2477792.84
Cyprus,Export,Food Products,Export (US$ Thousand),29501.81,74011.001,66435.047,159862.376,274478.312,203550.265,322183.573,398050.915,431904.809,410303.276,356029.938,364341.355,389749.88,348489.781,276944.353,324269.357,385501.871,461130.804,537707.31,621159.333,729405.107,670468.423,769406.124,854248.999,882114.368,880822.564,940975.65,812571.866,842355.635,877737.319,958731.898,952157.803,867008.679,1192096.23,4937839.5
Czech Republic,Export,Food Products,Export (US$ Thousand),,,,,,289325.92,591044.754,814008.999,906295.14,897637.241,956487.39,929792,886931.458,977272.103,1066189.15,1355434.63,1610013.73,1953188.62,2239200.54,2946295.23,3498144.33,3253802.6,3268575.22,3912333.7,3928754.12,4239447.19,4132820.8,3712259.81,3999544.71,4293279.36,4677693.77,4674222.37,4776623.51,5691805.56,2143167.32
Faeroe Islands,Export,Food Products,Export (US$ Thousand),5205.626,21605.005,28173.964,21607.838,15711.07,23167.614,27337.796,30515.911,39161.162,47693.39,49516.614,55013.171,68127.8693,82237.0751,76149.8309,97775.67,96945.0828,78831.977,83803.1827,108237.872,109429.037,105595.543,112774.917,140219.435,155054.58,138074.444,172761.884,133922.671,153273.162,174423.488,192588.979,194344.529,207330.096,235130.981,1192096.23
Finland,Export,Food Products,Export (US$ Thousand),72450.814,190284.026,193508.208,236833.755,435214.269,478757.489,717629.86,852051.076,1030183.28,974529.337,948205.651,905447.018,869693.627,953429.45,1097562.6,1304735.91,1592477.68,1702957.62,1836078.47,2244531.99,2701951.46,2506619.98,2694538.48,3133914.79,3006291.11,3315039.88,3139133.97,2618822.12,2588741.92,2830398.72,3049059.21,2963171.74,2940515.57,3224376.97,5691805.56
Fr. So. Ant. Tr,Export,Food Products,Export (US$ Thousand),,379.252,337.405,71.409,15.985,6.582,24.69,59.258,100.409,237.143,317.575,198.834,223.169,598.526797,573.897,926.66925,1559.25209,1641.78708,1778.68747,4907.92345,4319.50968,6262.36161,5504.31504,6269.12944,5462.34397,8817.88397,8713.2015,5978.34232,1460.91009,1162.08261,1082.67006,971.018836,1652.40555,889.267752,235130.981
Georgia,Export,Food Products,Export (US$ Thousand),,,,,9481.074,17758.611,33393.333,62215.567,302163.299,242920.669,160555.66,108172.055,100968.917,162421.71,135715.36,245626.001,272164.963,319645.414,353602.383,440405.626,606541.6,495821.265,622420.129,678796.504,806927.91,957968.178,1005519.96,815448.448,872474.704,904710.794,1077734.63,899705.464,773693.511,988987.095,3224376.97
Hungary,Export,Food Products,Export (US$ Thousand),54992.47,127891.269,238425.335,188023.65,266337.274,250777.471,442276.328,466244.473,446392.886,504213.154,448849.172,428574.199,426643.613,493067.692,573967.281,763159.41,1029761.64,1349181.97,1624213.88,2182147.76,2729760.24,2352732.96,2380698.07,2976887.42,2788459.25,2758099.1,2980571.26,2589640.93,2679913.25,2970487.2,3338012.68,3400959.12,3553918.01,4110894.06,889.267752
Kiribati,Export,Food Products,Export (US$ Thousand),2309.237,2478.385,2643.992,3289.062,3879.791,3049.595,3782.725,4739.551,5487.688,4485.946,5597.856,6352.086,7075.333,6753.742,7466.31838,7767.0236,9218.8646,9800.3642,8877.2165,11843.6051,10434.6258,11696.7648,10177.5597,17643.9127,14515.8758,16986.0629,20635.9019,14120.0083,19029.27,22691.9009,18631.1432,19717.48,21671.9638,32900.5409,988987.095
"Korea, Dem. Rep.",Export,Food Products,Export (US$ Thousand),2277.86,3929.467,8549.523,11987.04,45229.417,50318.222,36260.13,52257.404,67875.193,67985.47,34492.194,62445.905,79228.2422,110528.622,106534.994,105666.291,182155.223,124071.486,75212.242,104344.186,159615.325,179463.809,156936.572,166865.427,200989.457,183047.724,209924.824,154514.801,108378.425,173576.214,231818.4,257516.523,95652.079,33439.7012,4110894.06
Liberia,Export,Food Products,Export (US$ Thousand),3803.491,7318.85,3631.222,5435.147,8132.828,12968.188,22580.272,28915.516,18849.08,30758.757,21287.148,21779.046,40168.5759,28557.8657,26787.7708,36807.1859,66634.5503,79675.7934,77676.7448,85803.0154,94615.4817,74062.7882,95175.9227,121643.584,132418.003,136479.662,124963.617,124468.225,106413.423,114971.704,127442.63,107980.047,117776.858,148798.898,32900.5409
Macao,Export,Food Products,Export (US$ Thousand),1930.27,2123.065,2891.704,3419.094,20577.754,246263.809,293497.012,329736.363,422160.354,281810.462,192325.209,199653.334,247319.666,270569.078,264259.92,253662.406,308949.377,350755.768,388312.008,470705.609,499179.501,569201.461,751768.239,1015611.55,959761.394,998060.167,1081348.44,1015437.79,922416.142,961200.323,996203.188,1107438.98,887194.97,1214940.88,33439.7012
Austria,Export,Food Products,Export (US$ Thousand),483315.57,537167.047,625285.758,660989.865,905104.136,903576.293,1270935.55,1644140.42,1843486.45,1797286.83,1898844.16,1930590.09,1761856.36,1908936.82,2233877.73,2782535.2,3260390.13,3561363.32,3817564,4587661.92,5462908.82,5091546.17,5135292.21,5727970.45,5706086.36,6136803.16,6249551.57,5505437.97,5625039.92,5863724.5,6432489.31,6227251.72,6589290.7,7580107.28,148798.898
Barbados,Export,Food Products,Export (US$ Thousand),557.888,3816.5,3172.862,35974.802,31854.755,40224.188,38839.704,44819.848,51079.402,53627.321,59922.765,64177.002,78172.1116,84284.8311,82175.779,98364.1372,102721.015,111684.74,132473.001,142909.563,210854.893,890208.4,325095.075,625262.911,1337008.97,165982.855,160372.378,182890.353,179534.67,186124.591,174639.69,184927.148,162895.608,163936.918,1214940.88
Belize,Export,Food Products,Export (US$ Thousand),333.534,6671.969,3019.812,14842,18288.16,22473.39,22909.077,18046.365,33427.344,33669.137,27075.924,26678.007,39048.207,49036.7547,53498.9355,61109.675,57162.4634,70803.1107,81255.3317,88875.7025,118961.139,141358.559,94310.9389,115091.566,141362.797,139879.415,160396.687,138047.097,127434.893,125587.35,154531.197,160990.673,166073.453,174086.482,7580107.28
Brunei,Export,Food Products,Export (US$ Thousand),651.797,75993.71,90046.437,74898.991,78047.278,89182.871,106562.599,112502.997,126928.211,137277.344,101945.669,101390.527,118156.454,114016.533,116533.513,110093.315,119102.908,120061.414,137571.006,185620.917,174703.743,162714.921,194905.6,215783.971,249266.963,244030.939,233425.658,247121.202,245575.896,232231.422,248030.407,243115.07,256734.635,285557.068,163936.918
Cambodia,Export,Food Products,Export (US$ Thousand),,14680.202,10712.281,6746.711,92566.334,175170.153,218722.343,276304.663,314474.377,281560.51,225018.056,229336.624,201246.963,262217.132,270808.645,227206.064,307664.789,375979.327,448256.77,498613.975,693669.262,784685.077,1002131.26,1281597.26,1657929.1,1779330.3,1677608.48,1689316.51,1818537.94,1908330.45,2078031.57,2443738.37,2238290.55,2408501.28,174086.482
Canada,Export,Food Products,Export (US$ Thousand),209777.756,478981.022,463860.163,2476480.94,2854432.04,3192713.93,3930009.11,4007534.03,4647869.7,5012267.85,5256999.51,5399676.75,6653346.4,7013805.58,7552246.54,8483360.04,9339508.78,10295438.2,12126081.5,14391379.3,16461569.6,15840134.1,17645345.4,19959591.8,21207134.5,22079744.6,22587667,21627236.9,21872386.9,23156562.4,24063546.6,23799541.8,23405475.9,25988960.3,285557.068
Central African Republic,Export,Food Products,Export (US$ Thousand),415.174,575.875,855.272,668.096,1202.744,1058.352,4354.004,6689.079,10564.169,8537.442,8012.348,6317.249,14558.7067,9064.15226,13339.8345,16388.611,16496.0952,22256.7771,20130.852,19817.5707,18200.9646,31872.2577,26258.6277,22994.1142,20554.9081,17416.2952,41861.0686,34703.2512,31328.2957,42871.5902,49853.7439,38113.6252,44615.2302,41811.1602,2408501.28
China,Export,Food Products,Export (US$ Thousand),21117.26,143790.722,126584.012,146348.529,427513.453,1103961.26,1619742.83,2744222.56,3351211.4,3457786.6,2485001.29,1353293.42,1864229.86,1898977.89,1969266.46,2427818.2,3309886.93,3955537.74,4464107.38,5866351.35,7303516.09,8340699.52,12052515.2,16171200.1,17798535.8,20118338.2,20248774.2,22947074,25298352.6,29449456,32210955,31973444.4,32890665.2,37838144.9,25988960.3
"Congo, Dem. Rep.",Export,Food Products,Export (US$ Thousand),2773.535,6331.168,5529.774,2205.64,18760.288,30175.788,39871.317,94460.844,75629.734,70314.779,54455.697,41316.511,78274.4761,74088.9882,97707.125,126302.507,149861.3,187585.956,207715.271,297763.799,385692.505,328776.222,468984.643,487494.018,479777.174,611312.095,639201.932,590168.845,534328.531,609559.969,674539.874,776132.624,859928.585,1029195.11,41811.1602
"Congo, Rep.",Export,Food Products,Export (US$ Thousand),439.573,2634.407,2632.176,4604.679,7354.497,12224.26,16374.995,30181.795,32314.344,44109.121,50695.621,52958.536,93802.8634,108843.026,109950.689,142141.827,151046.951,157778.534,179024.613,228548.915,287811.845,262786.016,227943.282,338824.044,361073.995,469107.175,483852.901,359772.424,319861.842,3969593.81,269737.554,291790.46,284221.816,330907.495,37838144.9
Czechoslovakia,Export,Food Products,Export (US$ Thousand),111192.712,261094.263,134720.871,171147.135,317719.016,,,,,,,,,,,,,,,,,,,,,,,,,,,,,,1029195.11
Greece,Export,Food Products,Export (US$ Thousand),97238.009,182088.488,238657,287651.37,615698.578,696935.631,1109248.87,1434970.66,1464552.67,1408634.91,1516783.06,1467001.7,1384971.62,1373289.85,1655100.57,2040870.89,2379357.65,2391861.84,2711091.01,3385104.04,3843203.03,3567106.55,3212167.27,3330608.7,2899560.94,3094347.68,3029362.17,2556864.65,2679853.79,2795766.04,3068834.75,3023693.53,3003609.32,3493177.6,330907.495
Holy See,Export,Food Products,Export (US$ Thousand),,,,,,,,,,,,,5123.83577,6427.30047,4781.19822,4888.64498,4763.92373,7231.61344,8153.97957,5775.30558,4190.30514,4039.45651,3843.3203,3379.61588,3076.53144,4223.12358,10839.1845,10389.1765,9664.94266,9568.33278,5145.51577,4608.97275,3527.33421,4911.40821,
India,Export,Food Products,Export (US$ Thousand),2328.494,121792.437,144935.942,91914.166,84251.968,107456.016,874561.794,295530.796,174776.131,238965.049,236950.304,354723.745,232429.866,224050.974,232326.172,297528.68,563069.994,830394.122,513859.817,693479.227,789225.702,2598332.42,2671179.89,1629866.13,1995511.41,1956173.83,2538819.7,2189153.54,2818765.1,3217869.26,3194032.92,3163940.12,2760165.31,3117259.8,3493177.6
"Iran, Islamic Rep.",Export,Food Products,Export (US$ Thousand),33528.386,123018.676,131785.784,187034.483,392405.694,422275.69,408416.145,637149.636,657836.975,657107.491,422114.831,369710.972,479946.458,762769.576,1010581.01,675024.256,864653.724,896019.464,1632683.77,1527851.42,1538776.92,1764031.16,2751734.57,2926024.64,3347112.49,3403188.73,2975093.58,2408267.84,2614030.41,2731079.79,2755449.54,3122444.43,1919722.43,1997663.75,4911.40821
Lebanon,Export,Food Products,Export (US$ Thousand),14594.538,61514.598,79323.446,143710.778,301717.721,324288.222,444951.992,493963.972,488251.841,543038.639,534135.521,421052.541,583011.523,616423.102,603969.007,669303.965,738387.135,743771.311,827329.69,918400.638,1152569.58,1221986.43,1449984.37,1665245.15,1896671.77,1925167.24,1947327.12,1691974.31,1713034.31,1750178.71,1767622.74,1460381.99,886063.262,920222.512,3117259.8
Estonia,Export,Food Products,Export (US$ Thousand),,,,,20279.419,57316.413,150091.963,168777.056,229723.452,244253.031,249508.946,195357.452,183367.473,223810.738,276420.892,344700.442,482880.851,560908.174,828624.978,1048025.9,1190754.52,880515.219,1085888.59,1293698.1,1303182.14,1375682.72,1457417.11,1237492.57,1197186.29,1334837.6,1282631.13,1340665.87,1222129.57,1232280.24,1997663.75
Ethiopia(excludes Eritrea),Export,Food Products,Export (US$ Thousand),,,,,,16709.043,26818.345,18485.063,19109.689,15578.3,18639.714,24050.965,54909.7606,52476.7372,47516.1497,90192.2356,74217.545,79476.3134,98563.3446,92000.0681,165182.998,90953.9425,135470.666,182385.659,180800.746,156322.825,179961.011,204301.305,257180.903,310720.319,226844.581,257408.864,222546.409,288402.991,920222.512
Free Zones,Export,Food Products,Export (US$ Thousand),,,1.13,9.521,21.784,9092.849,29872.719,14887.235,42533.953,64596.523,72254.376,67834.597,51759.599,55890.491,55317.8847,126625.476,75627.9124,102826.758,89270.4726,101290.924,132337.539,120889.838,145572.523,141837.615,495376.727,239478.533,286678.036,270877.135,263970.729,55285.6173,68091.3535,86397.7915,74224.6929,61954.4052,1232280.24
"Gambia, The",Export,Food Products,Export (US$ Thousand),11652.087,6076.486,9459.948,9629.196,10459.564,14464.961,19790.001,34323.352,29249.678,36138.143,40648.985,42320.271,66397.1497,88800.9393,84557.934,100133.057,105249.611,104318.1,105745.549,142698.758,135991.139,158529.93,157430.38,203207.677,186370.772,226523.213,232832.874,212938.626,180495.631,252311.356,220199.836,267220.706,262609.384,277158.979,288402.991
Germany,Export,Food Products,Export (US$ Thousand),353241.722,1445824.71,2141873.58,2806833.34,6847500.57,7576599.57,13128232.4,16708494.4,16896873.9,15452641,15470318,15474943.6,13805522.1,14296653.5,15457234,18800301.8,21001482,21901643.1,22905975.6,26997994.8,31681510.9,29830545.4,29569599.3,35325230.9,34477044.3,37031219.2,37913259.5,33501810.7,34162009.3,36290596.5,38710537.8,38091132.5,39860979.5,44410120.8,61954.4052
Gibraltar,Export,Food Products,Export (US$ Thousand),1090.755,7242.111,6183.07,10755.761,15126.558,38467.613,55292.626,54653.752,42618.448,39460.944,44057.586,37824.601,71684.7698,71222.0711,84752.0118,113087.011,136568.142,183492.827,228302.233,248203.947,244438.27,255671.095,267237.212,316071.531,290217.473,333284.441,324098.193,245237.105,196730.692,189988.051,213850.668,214314.972,143707.097,176809.274,277158.979
Honduras,Export,Food Products,Export (US$ Thousand),2004.447,3278.78,4629.834,36026.28,44114.386,68519.323,95427.613,114636.062,143657.701,208385.906,236997.338,236813.939,205143.931,273308.561,263138.089,296906.782,343167.331,404458.371,401128.978,572382.04,687665.599,612097.962,631594.926,813850.224,830812.96,872697.229,913667.177,898443.743,889505.543,939175.399,998532.37,1090970.97,1095215.59,1439107.91,44410120.8
Ireland,Export,Food Products,Export (US$ Thousand),32159.519,66446.159,79467.001,212556.099,327226.498,1298291.21,1484653.15,1663283.68,1876011.3,2042220.07,2111125.79,2131465.13,2088868.62,2140182.5,2451809.06,2835432.83,3295673.96,3541259.69,4100630.53,5017401.27,5325502.18,4735954.41,4971312.31,5487148.31,5516348.86,6023850.94,5908258.79,5194622.59,5025462.01,5383128.98,6029044.37,5719214.79,5913313.63,6313444.94,176809.274
Italy,Export,Food Products,Export (US$ Thousand),978831.188,1436443.18,1807356.92,1925266.83,3580399.11,3189788.77,4549584.17,5597110.35,6106834.44,5796116.85,5826234.37,5732753.3,5422096.78,5950633.14,6567053.19,8067057.67,9238649.88,9692745.03,10972541.1,13533363.6,15219976.4,14191350.6,13774981.4,16335806.8,15313170,15927180.9,15798680.2,13635326.8,14080097.8,15004113.9,15944014.8,15356221.3,15080561.4,17479042.8,1439107.91
Jordan,Export,Food Products,Export (US$ Thousand),8738.513,33549.495,46713.722,109152.972,177626.587,169253.045,152090.476,235659.019,223939.959,211173.962,306821.524,204604.69,345852.568,357445.876,377778.049,553544.849,584146.023,625621.366,691867.239,771338.414,1058910.34,1007866.23,1191951.99,1363624.67,1604717.21,1626905.42,1632769.03,1452968.58,1486621.49,1609628.52,1688976.82,1575976.05,1591818.78,1620760.24,6313444.94
Kenya,Export,Food Products,Export (US$ Thousand),6603.121,7833.901,11238.752,9355.499,52062.196,33439.611,84732.146,96086.294,88213.559,98211.354,104173.38,67238.065,120093.122,126559.617,94203.77,156122.273,149822.322,144863.547,203409.791,321498.959,348003.819,367549.09,565945.019,777820.651,717208.844,753994.951,658851.518,716036.974,922538.792,1247792.96,996216.087,996327.281,872625.862,781961.371,17479042.8
Malawi,Export,Food Products,Export (US$ Thousand),41.281,187.539,241.099,1190.478,8074.473,6160.619,7981.681,11270.348,12849.897,22242.023,19372.434,20903.952,40754.1379,34455.2289,55083.4608,52259.3112,93720.6222,94563.3837,73307.4051,73551.1237,110161.465,111829.274,140828.536,121370.81,77760.5508,154902.665,122370.51,110293.103,112365.516,125183.24,136219.759,135111.973,115496.196,144821.174,1620760.24
Malta,Export,Food Products,Export (US$ Thousand),9637.643,18267.153,21884.842,25512.91,41245.978,78971.12,101776.588,145292.568,131656.261,145129.047,140035.367,143361.725,140720.933,151823.792,148074.517,182649.284,209036.411,222634.543,242863.785,313552.486,383924.584,340340.668,332654.846,388238.649,414244.609,410731.258,439758.27,390947.539,409949.154,444368.455,513660.395,515435.575,477065.86,550161.795,781961.371
Mauritania,Export,Food Products,Export (US$ Thousand),1548.733,9775.161,9561.494,15499.535,12807.159,6823.481,25672.925,71023.869,51557.872,59367.909,77924.881,78856.27,96470.6025,142904.368,142067.716,175991.397,204834.824,195155.355,199490.709,208822.006,188750.745,197662.541,305885.624,338539.879,352788.334,430233.565,404787.587,383622.397,397151.113,496308.073,366965.237,403119.62,496236.232,470178.915,144821.174
Mayotte,Export,Food Products,Export (US$ Thousand),,,,,,,,,,,,,16665.17,19774.4533,24098.3808,33629.4679,33379.6468,50948.2174,47236.6472,66337.294,67773.0065,66999.0842,68449.3571,84066.842,77585.3009,89952.5475,,,,,,,,,550161.795
Mexico,Export,Food Products,Export (US$ Thousand),7537.219,82091.566,234684.128,765106.496,965996.613,1102398.4,1470427.27,864580.028,1118658.22,1211975.17,1399328.56,1625883.58,2245781.04,2749375.15,2556117.05,3011524.73,3362052.91,3897718.51,4715472.26,5249855.41,5777046.78,5342039.33,6286920.97,7230473.28,7518591.55,7888609.5,8229209.21,7990124.23,8096966.69,8200435.29,8630058.28,8566210.14,8079072.33,10037579.7,470178.915
Argentina,Export,Food Products,Export (US$ Thousand),3085.036,12371.669,36790.448,126748.929,311081.312,374215.354,554776.675,567734.966,580939.276,660052.328,609959.118,572021.768,692510.461,666614.405,225888.071,289453.813,333654.736,389461.205,456223.503,604654.385,794374.696,670249.428,876980.648,1059281.44,1052214.73,984758.142,956270.384,913039.303,963405.849,1249897.05,1192357.15,941371.406,912426.547,1048146.81,
Bangladesh,Export,Food Products,Export (US$ Thousand),2214.792,29724.574,28974.163,14654.862,41357.398,52911.291,64516.635,59437.019,78244.699,112595.407,97582.004,98858.296,185938.032,224542.048,216973.312,266112.639,355014.532,326974.324,583769.071,458526.529,721388.126,798101.673,952379.866,1390480.76,1648080.7,1392203.48,1390648.66,1555581.59,1452618.88,2049874.68,1385457.51,1601702.33,1644298.51,1951422.16,10037579.7
Belgium-Luxembourg,Export,Food Products,Export (US$ Thousand),635771.903,1064097.27,1300831.15,2702769.63,4423606.03,4392683.11,8098654.64,9216296.47,8911361.2,8415112.71,8697757.18,,,,,,,,,,,,,,,,,,,,,,,,1048146.81
Bhutan,Export,Food Products,Export (US$ Thousand),,1.783,484.297,261.786,914.216,1226.894,2536.452,5119.569,4065.846,1954.822,2045.449,1643.617,1615.79036,2126.48,2920.14341,8993.53903,13047.7221,10081.8149,5877.61921,4823.23666,4532.156,8532.565,7199.53321,13451.6308,15157.4818,12918.387,24298.0853,28940.2031,23644.0945,31365.8459,37377.8304,41048.3296,43830.6765,64580.3732,1951422.16
Bonaire,Export,Food Products,Export (US$ Thousand),,,,,,,,,,,,,,,,,,,,,,,,4.84,,21783.8843,17694.2281,25340.6322,25296.4393,24270.2981,28642.0002,30939.1598,26975.9876,39338.7567,
Cape Verde,Export,Food Products,Export (US$ Thousand),5263.946,15815.581,8543.302,9232.138,18157.497,14686.297,18602.663,29183.188,29137.666,24650.717,29782.582,28034.565,52759.3621,64804.6777,58542.8834,82263.8204,89473.4521,88786.4883,112864.551,129608.357,152377.951,139641.55,139476.775,162828.444,136431.522,136766.646,133044.406,120238.061,142906.096,157572.934,182455.178,172255.066,142910.851,170253.917,64580.3732
Cocos (Keeling) Islands,Export,Food Products,Export (US$ Thousand),112.388,64.376,70.49,400.743,481.058,606.225,679.895,295.537,724.233,231.374,715.148,584.511,544.883,688.399,8798.963,4429.821,836.934,1623.55,219.082,408.013,440.657,353.894,386.818695,478.415,363.059,287.911,293.392,336.95,254.36,218.727744,184.951248,136.183064,115.413969,267.378587,39338.7567
Cook Islands,Export,Food Products,Export (US$ Thousand),359.953,4570.387,4874.821,4958.479,5915.524,6117.988,7531.084,7741.121,6687.801,6618.29,5952.709,6529.641,5703.135,6833.7937,7469.845,9837.14928,11898.3266,13673.0581,12908.025,15484.261,16621.2349,15717.7184,17686.5565,23293.1586,20736.1065,20892.3227,22418.9119,19119.2984,20716.7023,23568.0064,24416.4018,24632.7338,16108.8069,23226.9274,170253.917
Dominica,Export,Food Products,Export (US$ Thousand),509.903,4746.014,1156.239,5905.605,8245.009,8173.184,7728.97,8175.242,13484.348,11952.961,12679.012,11249.779,13008.2823,10745.5361,14406.6831,13335.1779,11868.5604,15895.9072,17244.9339,19952.9674,23760.3517,17756.9914,19539.5651,23057.015,24837.0807,23526.7296,29214.4248,27610.6693,28361.3848,26572.3163,35455.2864,29844.0859,26450.8305,23570.2219,267.378587
East Timor,Export,Food Products,Export (US$ Thousand),,,,8.572,12.781,75.826,195.39,430.188,476.197,,,4.56,5560.484,6298.034,7140.368,10028.813,8984.33927,10029.956,8167.69553,6637.14305,25893.6229,41080.7535,56357.6175,70839.3446,87162.7582,86178.311,123057.062,94250.8173,99309.7695,90656.8865,86789.6189,84704.7166,88026.9232,93612.3992,23226.9274
German Democratic Republic,Export,Food Products,Export (US$ Thousand),23764.91,147407.231,103150.327,,,,,,,,,,,,,,,,,,,,,,,,,,,,,,,,23570.2219
Ghana,Export,Food Products,Export (US$ Thousand),9635.472,18695.861,14974.531,14638.798,28206.187,51332.049,57715.162,91373.972,93525.928,106171.151,161060.539,129333.236,170877.871,255809.984,243030.461,349796.728,401528.748,486717.312,516255.521,662837.027,780763.1,682709.271,884199.436,1252152.49,1398645.66,1518169.76,1155330.2,1019674.25,902009.913,1122109.24,1069335.72,1088066.23,1259826.57,1501262.69,93612.3992
Greenland,Export,Food Products,Export (US$ Thousand),95.145,25868.084,24031.809,24209.91,27509.996,19171.734,19272.678,20950.353,24128.639,35675.235,43673.351,43382.676,58737.3923,57217.6704,63450.3375,96488.2518,121625.185,125376.728,119315.588,148206.764,161552.39,160611.594,177348.154,196197.541,177841.766,181942.534,183067.195,151529.697,155709.431,192478.465,199103.885,210225.955,212950.031,222253.854,
Guadeloupe,Export,Food Products,Export (US$ Thousand),867.293,2392.187,3970.75,7037.912,17677.876,23511.844,163992.458,187230.155,,,,,,,,,,,,,,,,,,,,,,,,,,,1501262.69
Guatemala,Export,Food Products,Export (US$ Thousand),796.767,2191.083,6643.182,48929.18,62567.539,86565.327,158322.764,187386.777,210621.999,239624.592,291739.937,315153.529,303019.253,339853.474,348900.674,389477.199,412170.361,488018.069,505401.542,650683.201,724936.947,683214.961,817448.52,937285.809,999524.949,1073055.12,1183708.38,1217884.1,1238730.59,1257259.62,1416997.94,1522286.92,1529207.38,1833570.18,222253.854
Heard Island and McDonald Isla,Export,Food Products,Export (US$ Thousand),,,,,,,,,,,,,,13.159,,237.41,,130.449,0.132,23.428,24.027,,96.073523,27,2.975,,10.059,9.55904,,,54.2151693,6.48147781,,3.625282,
Kuwait,Export,Food Products,Export (US$ Thousand),41614.327,75828.225,52175.254,126546.194,171057.977,209632.529,265402.499,262369.858,262049.821,251236.922,288067.124,272193.73,445575.564,493240.246,505657.594,786674.498,752093.158,844666.215,972036.537,1024393.11,1165618.08,1133342.14,1232431.83,1504776.55,1557674.57,1675932.17,1761879.19,1774722.84,1818773.66,1871250.11,2031058.82,1942681.1,2138481.72,2065341.33,1833570.18
Kyrgyz Republic,Export,Food Products,Export (US$ Thousand),,,,,9351.333,18619.136,15808.559,44322.517,82816.676,64284.697,49143.509,28085.705,22577.9334,36460.2698,51018.5175,76008.636,101087.858,131484.329,189847.161,205320.528,281317.019,257449.493,277706.146,381734.946,419695.231,464256.562,493536.395,354303.6,313871.458,379383.163,391658.822,430200.488,384170.758,536830.012,3.625282
Andorra,Export,Food Products,Export (US$ Thousand),6205.933,62160.626,77496.676,88133.74,102776.597,105862.626,124065.116,155374.275,149164.773,185858.054,130801.653,116189.557,201729.836,206427.883,241586.917,294421.405,327306.147,399988.218,388827.832,374450.691,427797.733,388319.536,421440.188,465143.065,429806.269,439246.935,459118.124,380644.52,390349.442,413517.188,436571.376,436249.102,361269.89,411830.2,2065341.33
Azerbaijan,Export,Food Products,Export (US$ Thousand),,,,,9348.892,11539.42,38201.822,80687.866,145620.175,199483.21,227355.787,145509.091,177464.264,157871.986,178532.234,226630.679,278816.12,389712.068,479810.94,642926.585,831735.987,792930.291,853113.353,1022495.9,1144675.65,1198821.26,1219933.29,875879.095,628933.937,775756.745,766332.672,741417.517,721806.179,809066.826,536830.012
British Virgin Islands,Export,Food Products,Export (US$ Thousand),35.7,622.195,2642.804,15050.137,4827.202,6551.198,10100.97,12159.601,10794.949,15587.97,17168.011,11081.114,18172.6987,23256.3901,22502.0531,25218.3442,28698.5558,30330.4331,36824.853,39977.8413,45528.4954,44852.1953,33471.6666,39214.815,43505.0204,52189.128,33940.4703,33008.7515,36876.5433,32413.1584,36826.582,41525.351,35055.3138,32848.5647,411830.2
Burundi,Export,Food Products,Export (US$ Thousand),314.266,359.636,1295.661,2308.704,2112.052,2790.443,8494.535,6658.479,4175.781,3722.197,4230.541,2933.399,5719.05534,9325.31014,4522.51746,4821.05723,9100.74148,11630.2859,13563.0554,16429.5355,17522.7514,30685.2533,25661.7652,23562.1154,29856.3454,27670.2435,24837.8861,37846.4663,42853.1581,44871.7124,46894.0393,56940.6128,67416.823,52375.2071,809066.826
Equatorial Guinea,Export,Food Products,Export (US$ Thousand),1034,7322.439,3945.171,4749.283,4885.29,8048.473,4873.155,13245.098,16328.953,23532.621,14846.044,17231.487,29798.5836,40539.3932,56206.0425,89431.6255,104003.717,115428.696,140409.703,178868.382,164058.125,218793.939,244112.358,315514.8,321247.315,361415.732,390624.665,318288.079,305034.22,254405.644,252197.531,233894.195,233706.506,231355.969,32848.5647
French Guiana,Export,Food Products,Export (US$ Thousand),296,1457.572,1465.439,2543.015,10457.819,9829.137,58028.444,73676.353,,,,,,,,,,,,,,,,,,,,,,,,,,,52375.2071
French Polynesia,Export,Food Products,Export (US$ Thousand),6827.545,9330.929,13552.743,25115.387,23255.446,25390.932,55831.964,63876.099,69588.071,69526.4,73910.22,73930.666,115900.016,124689.564,135566.31,166070.886,198481.125,190283.156,207484.594,232387.247,259749.045,245986.959,255240.641,300809.593,268531.388,266841.991,274214.715,240753.767,248142.921,267483.566,287123.743,284880.36,282118.581,315380.021,231355.969
Guinea,Export,Food Products,Export (US$ Thousand),8108.943,11348.133,15354.522,36368.114,33346.166,39885.4,74831.908,110842.969,104116.163,92215.758,87219.166,110247.829,185837.436,187251.549,217761.368,214123.303,171337.416,173094.607,187537.382,193939.048,278648.907,231416.133,240290.481,326358.414,338818.058,350371.722,383847.045,315370.174,361978.244,424618.511,522545.473,526839.381,602071.997,615187.829,
Haiti,Export,Food Products,Export (US$ Thousand),872.28,6377.988,4719.606,33855.214,30869.09,27526.875,38743.241,79555.066,97988.362,108156.493,101975.537,93270.727,99753.2027,148911.859,154190.837,144399.906,139997.954,167111.771,217908.973,221849.418,262723.474,258407.859,373481.315,349179.506,364408.022,381033.914,501432.638,416370.084,474628.157,463830.366,474979.101,459019.475,393410.571,461743.479,315380.021
Israel,Export,Food Products,Export (US$ Thousand),32948.466,83214.24,102866.877,163573.214,285853.145,364354.828,578686.928,677894.447,758827.633,749995.092,734436,720235.331,1086739.78,1202314.88,1210412.47,1289579.07,1441783.36,1519130.71,1642939.85,2064407.45,2381752.94,2229825.22,2416301.42,3048403.52,3020898.05,3277066,3309109.04,3120818.69,3364129.09,3574900.82,3980145.08,3931983.22,3995703.87,4870674.34,615187.829
Japan,Export,Food Products,Export (US$ Thousand),726723.629,1710748.66,2008653.94,5226180.97,6677858.68,7480945.51,9314906.04,10861165,11840197.3,11596390.6,11117284.1,11074566.7,13787425.4,13204859.2,12868382.6,13912266.8,15722619.2,16807593.2,17727023.8,18776418,20281495.1,19212468.7,20846859,25318685.4,26197114.6,25287842.6,24527858.6,21703013,21751625.2,23959013.2,25672948.1,27240984.6,26129538.5,27996068.8,461743.479
"Korea, Rep.",Export,Food Products,Export (US$ Thousand),38573.269,227310.86,323254.594,784589.869,1050630.5,1490866.87,1921209.2,2304805.34,2693475.53,2455926.32,1473030.5,1695611.25,2369659.51,2803177.69,3107828.24,3123050,3192910.8,3734696.82,4233565.8,5240994.21,6072133.54,5150584.55,6310463.25,7682249.83,8128512.15,8944332.41,9682785.34,8751606.98,9481274.34,10510583.9,12316254.8,12249832,12319304.4,13802113.9,4870674.34
Maldives,Export,Food Products,Export (US$ Thousand),2282.486,14154.83,23086.887,16008.727,18462.402,19428.283,20927.004,24557.395,28977.101,28860.452,27725.863,30837.798,35275.213,33504.2678,30905.235,40477.2685,50118.7819,45680.3696,59578.8321,76982.8389,101539.829,95416.0639,108359.24,135864.148,135760.648,159102.399,176267.103,164378.805,176841.377,187099.253,185488.615,215775.576,141966.282,249517.907,27996068.8
Mozambique,Export,Food Products,Export (US$ Thousand),5521.192,9988.363,17854.909,21331.898,70757.807,70090.933,95553.984,116309.471,106856.997,100086.722,89349.638,86915.072,283468.895,306924.19,175387.47,164753.41,201997.723,131900.601,231405.012,227678.537,281468.856,379340.979,398251.753,448475.945,519326.9,592586.087,715842.958,591787.912,513025.842,513474.068,556578.532,574017.229,525243.466,540171.416,13802113.9
Neutral Zone,Export,Food Products,Export (US$ Thousand),,,22.43,22.559,13.961,40.142,52.455,99.687,242.346,239.347,597.463,1337.849,,,,,367.992,,,0.644,,,,,,,,,,,,,,,249517.907
Niue,Export,Food Products,Export (US$ Thousand),,628.558,751.274,515.435,600.681,553.236,856.604,1056.758,891.974,872.713,1051.889,711.164,843.825,693.176,695.566,777.073319,1075.902,1270.068,1198.901,1227.31,2778.23,70822.601,60542.4229,45634.5328,2461.27322,2434.60163,2521.23561,2161.48152,2346.49214,2689.29932,2773.49863,2434.49941,2001.11597,2379.14111,540171.416
Occ.Pal.Terr,Export,Food Products,Export (US$ Thousand),,,,,,,,,,,,,17993.0393,13275.2179,13796.8132,13683.9346,19653.3429,30429.2432,36279.4539,47574.0828,74955.7137,74242.7337,102109.506,117420.66,94952.945,120815.241,193851.84,212291.776,238974.181,267755.441,267619.417,280626.189,291875.743,344103.608,
New Zealand,Export,Food Products,Export (US$ Thousand),123259.107,205507.301,196366.998,228767.934,266530.488,319087.088,388625.747,444901.974,557812.234,578733.178,510584.136,562154.514,637119.603,659217.539,733484.74,889870.247,1009298.43,1138173.55,1247123.12,1570800,1848040.87,1562050.97,1883607.26,2359331.04,2485998.3,2621492.98,3003543.74,3215808.47,2430853.68,2755943.31,2998065.2,2903181.29,3062120.88,3402922.1,2379.14111
Norfolk Island,Export,Food Products,Export (US$ Thousand),995.428,1161.578,1256.401,1309.892,1428.417,1167.885,1286.294,1641.695,10274.734,2185.666,1890.744,1904.232,1812.515,2009.126,2340.2,2088.412,2633.38386,1850.9,1870.075,2502.407,2576.38,1758.631,4162.53479,3935.69494,2160.40243,2693.02248,1912.54278,4106.00619,2378.77674,2851.92326,2662.7554,2286.00012,3461.76413,3582.43958,344103.608
North Macedonia,Export,Food Products,Export (US$ Thousand),,,,,,67998.823,112163.87,94355.927,178903.735,143896.119,169109.022,199906.145,236788.811,243872.533,287280.929,270599.259,293251.365,290629.301,378442.805,412035.603,504813.158,470091.031,494059.501,544018.447,527393.823,571295.375,574055.557,521098.467,573622.414,604157.008,686399.554,639597.237,615525.149,814254.041,3402922.1
Pacific Islands,Export,Food Products,Export (US$ Thousand),4220.802,7388.221,8969.4,27080.734,,,,,,,,,,,,,,,,,,,,,,,,,,,,,,,3582.43958
Qatar,Export,Food Products,Export (US$ Thousand),4295.286,8966.473,9525.079,23073.272,28783.623,45542.879,57579.972,57184.852,62409.077,54186.707,76953.014,61444.239,113901.996,130933.472,141848.398,170696.674,191700.899,247094.857,321708.11,457422.594,524697.613,518125.583,599966.718,697667.924,810752.398,995239.425,1049808.33,1106362.88,1056028.61,1281594.04,1218403.65,1290052.84,1160285.4,1138218.55,814254.041
Russian Federation,Export,Food Products,Export (US$ Thousand),,,,,2378316.91,3491954.85,5006376.21,6147512.88,8313948.13,8200062.25,5938851.2,3493343.79,4382994.75,5584886.61,5873620,7267211.68,8197088.05,10099172.4,11444740.9,14005576.1,15928592.1,12372134.2,15157536.9,18089969.2,18105250.1,19445722.7,18267125.4,11625055.2,11569074.1,13341181.5,14409884.2,14529403.9,13926651.5,16052810,
Slovenia,Export,Food Products,Export (US$ Thousand),,,,,130179.691,190222.53,314475.956,392882.223,451503.082,379831.922,365065.318,406222.438,389550.922,326791.929,361097.294,410653.932,475744.265,583833.223,693463.077,865732.3,1110475.65,1164546.22,1081627.81,1330011.63,1231612.39,1333565.72,1434963.43,1339890.47,1353743.77,1438395.42,1700121.38,1492680.62,1558584.16,1821214.28,1138218.55
South Georgia and the South Sa,Export,Food Products,Export (US$ Thousand),,,,,,,,,,,,,7.25579,2.032,363.29,918.404,15.288,94.59567,,8.002,15.322,4900.8054,2879.17103,3945.81697,36.669207,2.07482,34.214,0.1557311,4.46537476,13.921604,32.8616801,2.50022087,1.78991078,2.64785128,16052810
St. Vincent and the Grenadines,Export,Food Products,Export (US$ Thousand),435.878,18705.174,1623.013,6033.036,4123.473,8603.295,5618.72,6212.843,10935.541,13094.825,14375.525,15356.914,20675.6609,17460.781,17303.819,19501.5534,19907.1306,22832.7238,27909.8122,28621.6661,28196.769,27113.1517,28872.5656,30973.1144,33143.569,31813.0963,34614.2869,32143.7219,34876.0125,32611.5657,33902.4186,35475.6202,33926.9121,34908.7866,1821214.28
Sudan,Export,Food Products,Export (US$ Thousand),,,,,,,,,,,,,,,,,,,,,,,,9192.18612,829545.984,837091.116,660436.533,841149.524,832724.621,1010341.77,724992.006,782435.17,898736.543,1206025.43,2.64785128
Tokelau,Export,Food Products,Export (US$ Thousand),,,,51.759,,,,,42.594,214.048,204.078,,57.384,1131.511,1272.8271,1459.55909,1145.155,674.451,3215.623,1387.40909,4156.338,258.822,3813.89363,934.245665,3648.86726,1922.12421,683.942419,568.922956,576.377882,773.857816,1370.21604,954.654464,1051.15851,868.789661,34908.7866
United Kingdom,Export,Food Products,Export (US$ Thousand),1090061.41,2324928.37,2711228.75,3284118.69,6375675.79,6445879.28,9480206.6,11669307.1,12436372.2,12278306.6,12719401,13488191.4,11910645.9,12466964.9,13929419.6,16839159.7,19405963.4,20291222.8,22396401.9,29113591.2,31381368.4,27741224.8,26209282.9,29726250,29421734.9,31996839.2,33019359.6,30260565.2,29748148.3,30870662.4,33301020.2,32008838.8,57958831.7,62484249.2,1206025.43
Wallis and Futura Isl.,Export,Food Products,Export (US$ Thousand),347.085,520.292,620.859,1204.49,1398.945,1403.512,2661.103,3544.962,3669.255,3293.097,3775.037,4791.645,6093.94841,4720.2391,5355.68142,7148.73695,7270.79612,8171.69773,7537.82748,8740.33261,9387.7484,7785.3173,13069.2138,12180.2921,12004.9487,14032.6721,14333.5382,10844.7943,11940.8837,16349.064,12157.1291,14428.1077,10751.5655,16368.8495,868.789661
Martinique,Export,Food Products,Export (US$ Thousand),644.938,1661.902,3176.57,6346.007,10973.075,17019.207,126784.928,153538.808,,,,,,,,,,,,,,,,,,,,,,,,,,,62484249.2
Moldova,Export,Food Products,Export (US$ Thousand),,,,,3342.078,8671.836,17780.309,40513.547,184742.038,175197.361,113338.719,71248.88,118429.602,141860.972,135333.311,202086.325,208561.722,258564.268,302839.006,398830.558,598049.144,408148.478,471672.352,535792.539,589458.134,645815.086,575725.973,402054.315,444245.705,506968.514,522789.375,565232.371,564259.44,688443.698,16368.8495
Rwanda,Export,Food Products,Export (US$ Thousand),1885.693,1689.43,2203.506,1823.158,3958.632,4742.304,14739.099,11608.36,20519.696,20447.07,13692.522,12456.907,14608.117,15657.2287,14687.5285,10698.6593,13972.0057,17473.1821,40843.1845,48524.4668,43249.3313,60716.7976,109482.649,131852.714,62850.914,71965.197,70554.8525,86910.269,94013.8464,105997.632,249173.909,104023.188,125956.781,200840.151,
Saint Maarten (Dutch part),Export,Food Products,Export (US$ Thousand),,,,,,,,,,,,,,,,,,,,,,,,21325.6606,34446.8456,109195.729,119000.322,118655.336,126282.27,106223.75,109896.577,121187.011,85096.7258,103638.456,688443.698
Saudi Arabia,Export,Food Products,Export (US$ Thousand),157865.348,269326.802,259139.453,650496.211,822616.496,1113680.29,1141787.72,1217809.27,1335376,1328531.54,1299974.81,1273946.52,1761112.63,1776707.21,1783421.47,1999721.09,2266609.08,2410317.2,2818815.53,3601009.54,4033671.69,3958839.53,4530204.38,5888560.55,6760927.18,7553009.45,7845781.31,8479128.1,8054245.68,7378229.61,7293324.81,7810697.37,8272819.97,8064855.03,200840.151
Sierra Leone,Export,Food Products,Export (US$ Thousand),1840.716,5580.715,6425.451,5629.841,7522.189,10638.531,18036.182,21707.18,24844.751,11971.465,23212.865,14083.41,37373.1886,46949.2048,72882.3943,75030.9699,76802.3607,61499.3713,65233.2861,89052.0835,108733.604,95848.2383,95593.1258,134866.401,152131.51,169244.225,165666.076,194135.541,169638.439,192492.519,178825.404,177577.925,184730.584,213514.774,103638.456
Slovak Republic,Export,Food Products,Export (US$ Thousand),,,,,,277121.838,280513.4,392451.149,424972.765,445495.296,443252.659,398693.789,365337.238,413706.802,538091.036,541997.962,750682.131,1037542.31,1167229.93,1600726.95,1906843.45,1708657.49,1968571.56,2382265.43,2374230.93,2574677.86,2619729.75,2280193.45,2360383.01,2415963.62,2626668.55,2621048.69,2745120.83,3198515,8064855.03
Thailand,Export,Food Products,Export (US$ Thousand),32838.939,87644.008,107443.226,253444.534,490440.24,657385.549,870461.34,922379.897,1079281.72,1075858.7,641049.751,779953.263,1183151.87,1239840.91,1314351.43,1504314.77,1633356.28,1921160.78,2214012.93,2565445.31,3184376.37,3106598.05,3621332.07,4483212.99,5665871.71,5908036.7,5850508.43,5373229.37,5415289.52,5835197.83,6512417.97,6571140.13,6843327.49,8273036.68,213514.774
Togo,Export,Food Products,Export (US$ Thousand),2910.04,9025.893,7998.179,9229.379,15943.621,8514.882,21032.986,36946.756,43566.013,60005.075,44191.662,42434.373,69719.8839,87878.9778,232418.502,174336.93,197907.595,227946.151,249588.277,306508.483,292222.672,322020.031,375006.464,541571.888,469114.577,487820.463,452155.825,445728.224,397324.262,488120.748,511447.476,522044.534,559039.647,572399.33,3198515
Turks and Caicos Isl.,Export,Food Products,Export (US$ Thousand),199.839,443.42,333.344,3002.722,3494.404,3819.858,3543.006,3401.955,5307.705,10951.178,6100.146,8287.584,9041.2631,6873.80246,6484.95637,8186.79976,12921.6323,15939.9535,16669.3756,18737.2229,21578.4287,16160.8708,18065.1932,21917.2624,19455.8024,20390.0855,21986.7047,24594.3063,26541.7365,27507.2473,29924.016,38941.6842,19220.572,35826.2233,8273036.68
Ukraine,Export,Food Products,Export (US$ Thousand),,,,,58479.165,119776.769,343538.552,816356.858,1134521.43,980961.351,750821.67,351104.727,591191.137,680806.599,860272.889,1290515.2,1351736.42,1775968.2,2264043.25,2953082.25,3612854.47,2579693.72,3156925.3,3742259.27,3681870.08,3961777.37,3174604.61,2187536.28,2567601.15,2996596.95,3638719.51,4072747.18,4708207.01,5515717.27,572399.33
United States Minor Outlying I,Export,Food Products,Export (US$ Thousand),,,,,7576.252,,,,,,,,10373.3556,4346.98364,2726.09996,3915.8987,3616.10646,4453.26448,4762.96852,2185.683,4704.688,5655.29557,10359.0455,9836.3896,9090.16512,3796.711,5296.36947,19259.3995,6852.18382,4008.13057,2615.93729,1349.51622,891.542317,1326.12994,35826.2233
Uzbekistan,Export,Food Products,Export (US$ Thousand),,,,,14964.194,59265.396,61488.819,170241.654,329308.432,203506.429,117616.196,79223.757,127383.272,136004.162,80168.7446,79486.4321,85493.6389,137317.584,150597.602,141811.217,197036.249,179314.591,206473.375,264233.514,317523.822,365707.973,343878.076,305641.619,266497.577,337276.712,587770.074,571349.919,746301.069,821679.592,5515717.27
Zambia,Export,Food Products,Export (US$ Thousand),169.926,382.534,962.683,1332.325,20890.216,22773.01,18196.759,31454.143,19364.459,23229.883,21544.018,26041.6,51379.3668,32894.366,43216.8143,40667.3519,56016.0407,51010.2229,73003.7615,71446.4442,114209.919,129477.734,151393.197,169301.739,211729.303,243511.278,273651.127,282384.54,230969.094,258952.72,278929.153,247911.83,196398.258,234123.283,1326.12994
Anguila,Export,Food Products,Export (US$ Thousand),,1040.509,415.427,944.292,6826.217,2871.942,58442.523,78303.095,8502.297,8307.911,6978.827,3049.606,3652.34052,5099.57389,3976.20118,4249.51173,7526.40697,15800.0469,16383.5868,11713.1335,9438.28789,6879.75342,5916.80959,6653.00279,6050.06215,6357.7046,8905.88942,9080.61063,9024.8245,5468.06465,7071.94591,14369.8664,15968.3405,14491.061,821679.592
Australia,Export,Food Products,Export (US$ Thousand),77534.332,449480.053,447798.674,694994.748,823825.851,962134.75,1267416.7,1353886,1410855.71,1530383.43,1436374.26,1601633.77,2299978.5,2230545.46,2404016.68,2910596.81,3477798.27,3916239.33,4551522.24,5651357.77,6678466.35,6289194.36,7196593.48,9378948.59,9515951.07,10693486.2,11235610.3,10503455.3,10657805,11666900.1,12400538.4,12162786.4,12061181.7,12367173.3,234123.283
Benin,Export,Food Products,Export (US$ Thousand),698.436,2107.217,3297.938,6936.53,8929.357,46076.847,68830.032,112005.903,97716.613,115257.785,107081.148,147707.349,213550.289,161820.616,197243.039,206698.612,163592.038,197960.718,210918.979,229043.664,277778.791,249254.357,286284.481,370246.177,339052.823,502243.998,466834.739,462525.232,429957.477,560981.24,464591.897,382771.973,326534.993,387271.406,14491.061
Br. Antr. Terr,Export,Food Products,Export (US$ Thousand),,,,,38.231,,,,,,,,,,,,,,,,,,,,,,,,,,,,,,12367173.3
British Indian Ocean Ter.,Export,Food Products,Export (US$ Thousand),,4,3,76.477,99.537,81.914,326.926,114.212,132.633,106.478,856.986,203.892,113.916,1710.331,1298.996,701.803,246.43,178.38899,902.193923,1116.639,58.13654,89.9411302,61.984,330.891599,1121.15665,3698.67347,2840.609,3524.48878,144.530044,2161.04341,2877.95106,3224.39941,2674.15827,337.784235,387271.406
Burkina Faso,Export,Food Products,Export (US$ Thousand),784.368,5038.924,2930.483,4826.728,5650.837,7411.65,11272.054,18016.814,25557.651,27416.778,41053.33,50122.72,76667.6172,83360.4705,110972.884,140924.858,144764.113,158290.411,143591.064,174971.056,180750.146,215835.476,262680.764,313700.784,324207.277,361503.071,423692.149,340017.876,364330.428,396858.536,452990.117,393046.949,450955.558,455807.359,
Cayman Islands,Export,Food Products,Export (US$ Thousand),213.932,770.639,521.389,9161.904,10929.129,31346.053,23974.54,33945.025,28575.703,41630.333,41432.559,35871.952,41954.0644,38304.769,30307.566,36239.0214,36688.8315,40252.7207,47222.5697,56481.6016,62856.3128,56959.7972,60467.0458,56436.8271,90842.2558,65240.0759,65796.146,63556.0932,72933.7894,82270.8086,89543.3884,100254.71,87233.26,102352.329,337.784235
Denmark,Export,Food Products,Export (US$ Thousand),389065.889,425303.976,512927.877,592667.295,952626.024,1331002.62,1829879.33,2182010.38,2393793.53,2361015.49,2290719,2186032.11,2054894.88,2100411.16,2283167.93,2740880.27,3170094.55,3540666.49,3780713.45,4476304.33,5364044.64,4750109.23,4846117.07,5650578.71,5524542.88,6130804.1,6170986.27,5400085.51,5308433.39,5595452.46,6069673.04,5807534.72,6102913.9,6906407.2,455807.359
Falkland Island,Export,Food Products,Export (US$ Thousand),4.033,180.554,264.319,229.485,313.766,3320.59,3397.487,4629.396,4117.02,4096.093,4627.014,4000.112,9694.805,11579.2236,10908.826,19791.639,6804.208,7533.22,7044.384,10937.068,9712.881,10740.485,14533.6912,16189.379,17535.373,15923.4358,21818.4344,21840.0046,17780.5798,16660.0034,16296.2469,15272.8231,9194.11948,10081.5491,102352.329
Fm Sudan,Export,Food Products,Export (US$ Thousand),3703.777,3822.195,4911.447,5902.967,6203.541,8901.347,18510.941,20646.971,14891.012,23060.902,30731.054,33965.85,48596.8612,93154.1291,86191.3946,121865.254,135259.345,232791.979,533677.09,427542.866,493061.24,567479.11,830559.899,807680.674,,,,,,,,,34576.277,,6906407.2
Gabon,Export,Food Products,Export (US$ Thousand),1849.617,2534.199,4072.517,5975.872,9464.792,22480.352,37301.51,55349.538,64159.219,66439.076,71307.208,64670.124,107026.574,108319.584,115696.001,137707.75,157821.501,171372.788,201510.839,246952.361,274775.009,274697.736,295960.05,376376.388,388300.318,437115.03,438738.599,363676.367,336253.573,326362.585,339274.46,301668.133,321809.408,324059.298,10081.5491
Guam,Export,Food Products,Export (US$ Thousand),,,,,,,,,,,,,18392.487,25831.854,29852.3226,26797.5852,36037.3621,39419.6642,36386.7807,41198.4101,41739.8046,44047.2143,50863.7528,59083.3836,57245.5692,56393.3707,57095.0412,48622.5387,61062.2059,60042.6774,60293.2499,58047.1952,52226.1421,60499.2161,
Guyana,Export,Food Products,Export (US$ Thousand),35.332,2714.673,1185.889,4946.471,8356.777,15483.06,20165.443,27174.43,37830.849,44563.124,40276.604,33557.156,40523.7818,46338.463,49332.7423,64116.7354,67280.3168,68889.8135,82998.3674,82766.7462,104310.604,94522.2593,94957.7533,144701.452,130993.526,131989.014,147272.402,144932.932,144222.485,151783.704,147086.526,170875.693,155602.591,198002.263,324059.298
Kazakhstan,Export,Food Products,Export (US$ Thousand),,,,,105100.141,117273.761,208528.522,210912.646,479178.553,401672.473,317601.427,180254.824,257009.382,263410.446,287917.603,393902.541,570772.622,750633.362,1019125.87,1465376.81,1613008.7,1299948.47,780314.466,913523.246,1946010.94,2118778.34,2281135.6,1724040.16,1625812.17,1896363.45,2054573.96,2094963.22,2225185.38,2765954.96,60499.2161
Lao PDR,Export,Food Products,Export (US$ Thousand),11.627,4540.457,6002.177,8204.783,16869.176,24458.685,54127.542,77756.98,71888.882,67167.483,48595.109,67104.945,67498.6117,79007.5322,81568.0926,81977.2751,106128.78,130433.417,151731.367,168936.481,193824.063,223791.481,242021.023,309631.791,387175.241,362023.336,402412.712,463770.57,526834.068,574110.946,595252.562,649507.644,577256.47,660184.652,198002.263
Luxembourg,Export,Food Products,Export (US$ Thousand),,,,,,,,,,,,669885.745,667174.359,611285.247,660139.704,864994.979,1028223.71,1008658.51,966574.194,1063937.27,1260132.58,1204618.02,1065901.58,1178584.96,1126809.78,1210529.25,1319214.83,1200293.16,1223057.92,1271089.46,1456681.62,1392801.11,1508942.85,1705311.5,2765954.96
Madagascar,Export,Food Products,Export (US$ Thousand),505.041,1103.623,438.756,1991.387,4814.876,5372.582,14529.967,11790.683,16457.364,27343.951,34532.717,30503.135,43531.0168,67797.8241,63589.9682,83574.2464,204242.61,87750.2116,94363.9398,133792.925,147775.936,155327.191,171628.445,203771.958,266910.066,213663.332,209180.032,174521.333,194380.59,266237.723,226677.65,245806.157,239872.86,272530.255,660184.652
Lithuania,Export,Food Products,Export (US$ Thousand),,,,,43060.28,99786.618,232401.022,213710.002,331543.172,390223.154,343028.15,276763.49,211302.92,285861.854,334682.381,395425.123,472697.916,589920.717,740318.639,939301.546,1263974.89,1060886.51,1048502.83,1379457.88,1543639.48,1807714.49,1628983.84,1331065.5,1355901.07,1531896.44,1632898.32,1664098.1,1842247.72,2073127,1705311.5
Mongolia,Export,Food Products,Export (US$ Thousand),119.162,895.237,104.502,298.771,9965.521,13867.331,18308.538,26554.779,40456.38,61694.837,35351.766,34791.729,63415.5358,71885.471,73629.8316,92566.3019,108372.297,115978.787,131856.061,175194.558,246079.111,187180.585,256608.947,369599.751,420146.277,446487.408,399615.272,325708.234,347959.392,403937.376,457609.423,452852.519,438234.937,652593.156,272530.255
Montenegro,Export,Food Products,Export (US$ Thousand),,,,,,,,,,,,,,,,,,,222629.224,379377.073,425651.839,362013.906,345386.094,407292.362,464053.702,397603.398,396667.459,339325.258,359994.658,396494.995,494263.624,473437.371,371447.889,474124.001,2073127
Nauru,Export,Food Products,Export (US$ Thousand),3799.515,3284.452,3368.894,3053.621,4405.233,4051.731,3753.651,4074.871,3196.541,2999.564,1815.273,2411,3647.32598,3038.448,3338.855,3204.49546,1726.757,1041.79826,1343.712,1397.545,1973.664,1469.62651,3850.604,2743.68088,4168.38848,9945.09727,13426.8771,4734.25047,5854.46497,5580.44749,6489.04105,5613.73059,6397.58226,13710.3458,652593.156
New Caledonia,Export,Food Products,Export (US$ Thousand),10695.809,16479.436,15598.366,18892.806,20682.45,28973.254,73522.378,82295.547,84393.077,84573.547,76901.396,76921.772,115161.899,110209.572,126924.677,154283.769,189091.753,187245.133,208493.496,255553.869,307000.065,286487.144,309358.769,384100.672,356246.687,368948.514,395904.431,331462.92,330525.925,388876.823,348442.396,347061.255,354498.878,370609.482,474124.001
Pakistan,Export,Food Products,Export (US$ Thousand),10169.769,26089.489,66125.535,48012.247,72013.804,69348.945,60995.698,87449.863,231991.898,213501.213,85811.118,91556.218,272427.255,218949.495,114102.007,172659.837,243500.311,665417.707,1071427.9,472548.073,414742.47,685771.062,1706811.09,753965.55,705728.662,852326.279,1082999.44,1093714.36,1045370.55,1086458.48,995060.809,784667.922,1072689.9,1190220.67,13710.3458
Pitcairn,Export,Food Products,Export (US$ Thousand),,3.291,,34.829,13.54,65.223,42.91,2187.668,158.285,761.992,5787.735,37.942,9153.195,1381.865,1745.36632,494.437,467.676,75.853,172.6024,449.516,574.199,205.143954,110.584027,95.155,497.923697,138.01648,111.876026,69.7082857,172.848836,325.81777,581.998713,368.165423,137.76024,230.651962,370609.482
Poland,Export,Food Products,Export (US$ Thousand),126927.091,335662.673,245454.268,450233.879,595459.874,604840.355,753347.348,1073477.11,1207479.49,1358114.25,1302602.97,1128953.81,1041574.23,1140060.81,1313469.12,1530502.48,1929604.94,2612290.75,3111235.38,4163167.81,5522747.87,5257388,5605592.47,6864697.45,6722293.55,7596596.78,8181930.04,7632148.93,7978185.45,8512741.99,9522891.06,9530509.14,10403097.9,12342812.6,1190220.67
Romania,Export,Food Products,Export (US$ Thousand),5388.819,30682.81,94265.923,76898.885,340838.26,266490.044,368344.754,639546.369,650681.137,427619.843,524601.896,368622.916,358621.68,448771.805,429033.624,665469.628,808209.271,965550.124,1182204.03,1537233.82,2234960.02,2057872.61,2100826.45,2505899.2,2497158.48,2740066.73,2915887.06,2634675.9,2897060.73,3331126.6,3873878.98,4053688.67,4214796.26,5140252.11,230.651962
San Marino,Export,Food Products,Export (US$ Thousand),,,,,,,,,,,,,641.097628,57061.896,69368.0637,89786.0346,87613.689,83681.4052,73407.8821,75361.5421,75123.8452,63565.4101,66419.9367,41003.3211,42007.7066,35222.5592,29761.2001,20731.1849,17508.2882,16607.7315,21550.9632,23933.3679,29610.315,38928.0088,12342812.6
South Africa,Export,Food Products,Export (US$ Thousand),23899.044,62695.965,133597.309,154922.971,132997.975,211596.543,333371.985,552754.404,568983.58,634538.569,593026.551,510034.193,1153357.92,1394482.34,989765.995,1074729.99,1373989.68,1595786.7,2048525.74,2711006.62,3102138.03,3338625.14,3400747.1,4303008.17,5010182.14,5059563.82,4571588.91,4378590.27,4198538.22,4518427.03,4669572.8,4752286.56,3884900.4,4016362.07,5140252.11
Tunisia,Export,Food Products,Export (US$ Thousand),8718.317,22689.919,30457.534,21444.432,56463.369,115266.7,137265.058,216735.6,190772.761,207061.737,205422.572,165697.1,227563.999,287859.959,287533.473,310470.287,338880.665,347656.028,467367.597,477472.417,540620.562,528939.346,668638.919,978917.324,944026.213,791260.069,863768.632,741084.116,685297.337,691844.355,622249.715,513096.575,547930.592,526123.286,38928.0088
Turkey,Export,Food Products,Export (US$ Thousand),24645.3,50930.048,96673.55,399653.105,431075.518,483946.484,325165.006,656008.468,1022416.53,1043574.66,1003207.47,757878.38,1148029.91,884372.761,929463.847,1185367.65,1648188.59,2037048.84,2209886.04,2887193.65,3524809.76,3320237.58,3997164.54,4849487.46,5356684.54,5908304.01,6085787.48,5637991.25,5498653.29,5992659.4,5961507.72,6118065.62,6166200.42,6565921.58,4016362.07
Uganda,Export,Food Products,Export (US$ Thousand),841.718,1021.75,2421.895,4384.284,3846.035,6468.562,10202.739,19054.459,9166.007,36763.293,28517.648,23098.537,29078.6734,26000.1535,74625.6511,36845.2753,45138.2359,62268.985,337801.167,134816.215,160290.341,153183.899,161706.824,138730.495,103818.511,202062.56,118148.555,211733.931,216548.3,203377.207,247521.343,238490.004,282154.087,348588.103,526123.286
Vanuatu,Export,Food Products,Export (US$ Thousand),3223.306,3782.413,2970.377,3469.109,4678.387,4835.849,7759.867,7571.475,5976.348,6911.113,6104.306,6574.082,8252.41095,8554.1796,8150.38676,10782.7899,12509.297,12686.0517,13270.9963,20233.4995,26077.9622,22385.961,28418.4971,38173.4324,43087.8128,40416.2402,43378.5172,38417.6392,38940.6576,42109.244,45214.6742,42168.8335,39102.6199,43548.2804,6565921.58
"Yugoslavia,FR(Serbia/Montenegr",Export,Food Products,Export (US$ Thousand),52928.032,125749.496,272387.42,185035.307,,,,,,,,,,,,,,,,,,,,,,,,,,,,,,,348588.103
"Other Asia, nes",Export,Food Products,Export (US$ Thousand),319171.433,483914.381,563321.171,1068487.77,1197312.75,1620179.76,1787748.47,2137003.45,2175234.8,2382139.97,1829655.21,1860631.31,2387832.68,2298565.5,2328079.9,2544489.7,2840068.59,3072950.54,3209240.69,3337225.6,3608496.2,3448907.09,4105638.29,4955070.61,5296932.63,5328054.62,6106580.8,5645163.49,5868808.86,6768885.13,6869144.58,6664660.84,6189087.12,7057485.74,43548.2804
Reunion,Export,Food Products,Export (US$ Thousand),1709.656,2823.006,4305.523,4839.647,19969.625,37300.823,183711.053,207927.071,,,,,,,,,,,,,,,,,,,,,,,,,,,
Sao Tome and Principe,Export,Food Products,Export (US$ Thousand),1005.988,1859.672,2165.505,2362.195,2309.374,3045.532,3826.188,6972.04,7697.997,7419.7,7733.305,6806.86,9280.82236,11644.9243,13786.5341,15158.6918,15559.738,15923.1549,19972.2078,20220.5201,20435.0771,23284.6834,27458.3265,32645.8653,31181.1331,35867.72,41631.1577,32990.985,35260.5245,31811.3103,37753.0777,37430.5313,33568.6908,44418.5592,7057485.74
St. Lucia,Export,Food Products,Export (US$ Thousand),588.88,1813.687,1227.747,15339.06,16943.285,21512.368,20839.955,23043.211,21376.78,28463,28971.657,32043.887,116187.534,140432.272,151304.421,205268.774,218413.104,306250.954,394646.585,360179.864,477968.18,509628.723,708326.732,794715.643,697520.254,579362.385,532745.214,516259.325,589906.129,704403.196,566998.901,537454.581,475288.594,566584.171,
Tanzania,Export,Food Products,Export (US$ Thousand),1446.182,1115.292,5168.39,11853.165,32109.755,26803.579,26956.681,53534.197,53835.404,91550.467,91636.623,52181.79,81829.356,76949.8572,64337.4661,81050.9389,112845.623,128375.717,152064.264,208771.202,209287.802,222300.868,323784.955,348480.193,416977.797,466037.304,371527.622,405125.787,442908.891,438232.104,402864.071,369584.864,372357.984,460900.243,44418.5592
Tonga,Export,Food Products,Export (US$ Thousand),2304.475,4952.642,5748.829,6358.378,6089.567,6081.883,8448.654,8963.506,8649.58,8349.669,7015.934,7322.383,8579.605,8806.607,9620.92756,8780.94584,11196.5507,12834.2051,14835.1689,21568.4916,21208.7668,17206.3806,18763.5827,25995.3741,19972.1505,22502.1079,23766.5023,24266.7829,24138.7581,27581.1298,26809.7514,24077.3683,24684.638,34334.3152,566584.171
Trinidad and Tobago,Export,Food Products,Export (US$ Thousand),1165.891,4692.477,5684.407,31670.334,37751.389,37130.152,39773.262,59671.746,76715.828,100735.507,114355.57,99996.27,132520.053,139624.496,143900.666,187901.264,218620.042,258720.302,317323.463,405013.16,497396.5,423731.253,388517.823,543606.15,495701.377,489309.166,513782.528,533881.221,500433.825,472135.661,453246.09,480097.745,415214.854,433607.63,460900.243
United States,Export,Food Products,Export (US$ Thousand),1048364.68,4604090.25,6283945.58,6564014.09,8208697.77,9785663.42,12086580.2,12909560.5,16128267.7,17368660.2,17450537.2,18755032.9,26211919.9,27491808.5,31528893.8,36164113.2,39582993.3,42181942.4,49275546.1,51971837.5,54721573.2,49368679.7,53658929.8,62493139.7,66686554.5,68705803.5,70462387.1,70400740.5,73771702,80126350.4,88005634.4,90958001.1,92186954.6,106698855,34334.3152
Morocco,Export,Food Products,Export (US$ Thousand),5850.428,99556.577,70604.488,126407.698,142404.128,156901.119,166545.565,276353.041,248911.594,315828.544,266982.332,215001.029,310418.117,307044.589,384536.695,400546.857,511445.862,687769.631,782153.131,937635.043,1077252.5,1142294.6,1399714.09,1735812.96,1770923.1,1740724.93,1652962.93,1357364.41,1632921.91,1993167.65,2191769.06,2157975.58,2320246.31,2723364.43,433607.63
Nepal,Export,Food Products,Export (US$ Thousand),12044.058,19575.946,18802.432,19954.757,13880.503,16376.731,20942.911,19279.67,18542.193,18259.186,15904.751,20289.583,23389.8609,27129.9821,24093.6001,41113.9034,52269.8215,58430.4221,59766.4991,75086.3436,110230.377,93436.1081,131199.969,149996.065,182366.583,234203.666,245307.176,198750.828,311672.434,373102.746,356821.212,351130.908,372327.92,497311.664,106698855
Norway,Export,Food Products,Export (US$ Thousand),122356.411,310223.202,339287.409,363450.127,612908.255,665594.424,837810.502,1010763.3,1048031.59,1031359.16,1042934.06,1064495.12,1753657.03,1758734.5,2041351.67,2499862.88,2884796.13,3129707.33,3596725.47,4376503.58,5119832.17,5136841.4,5402618.04,6430017.95,6642934.01,7236807.12,7502640.51,6356953.39,6493796.83,6751529.53,7327890.5,7471727.21,8110912.21,9238497.38,2723364.43
Panama,Export,Food Products,Export (US$ Thousand),4453.445,18610.483,19325.618,110319.031,139156.866,172935.152,209233.857,205614.283,276792.56,293575.842,319417.768,279719.25,331353.718,369390.378,413549.635,430893.696,466698.99,583680.118,636605.659,777326.212,922066.598,819045.365,982742.421,1167476.44,1275595.45,1411368.44,1585351.58,1599554.75,1646231.56,1704441.44,1851412.15,2015409.2,1728223.91,1779985.71,497311.664
Papua New Guinea,Export,Food Products,Export (US$ Thousand),73879.031,75535.822,71474.869,82582.813,87256.92,93853.145,94563.708,68231.206,67294.826,60549.205,43294.341,39687.203,43715.9032,35612.0526,33678.2957,43421.4491,57236.2662,63277.8767,96310.038,96333.1584,117742.376,110462.34,176273.39,247432.648,320435.418,348351.005,386090.498,406587.859,365026.556,384079.86,332012.873,350655.34,320713.832,331731.274,9238497.38
Philippines,Export,Food Products,Export (US$ Thousand),41702.491,141758.445,109167.805,278650.167,425726.386,637025.846,1336867.04,1672739.74,1749798.35,1490207.68,995639.091,1141090.47,1516929.99,1557493.48,1798723.66,1666150.37,1905783.25,1976139.58,1967250.67,2370169.99,3038434.26,2996336.08,3595704.56,4053546.55,4390830.37,5138724.04,5715883.16,4953200.67,5681519.55,5962412.59,6607187.9,6747790.98,5918082.27,7203271.95,1779985.71
Portugal,Export,Food Products,Export (US$ Thousand),26317.688,214540.402,166745.665,402091.629,505799.955,925364.02,930922.424,1187298,1406423.43,1464519.77,1537343.58,1604448.28,1530937.27,1602738.71,1679394.76,1903660.29,2170678.34,2278510.3,2381454.36,2933448.46,3444687.24,3329619.48,3379944.65,3642190.42,3401101.99,3819193.13,3524200.49,3019650.14,3112730.91,3528754.84,3827608.4,3836567,3682734.91,4179680.68,331731.274
Saint Pierre and Miquelon,Export,Food Products,Export (US$ Thousand),27.593,1710.662,2172.772,2721.552,3536.154,3462.657,4060.184,4722.314,4934.624,4365.311,3894.233,5952.469,7287.25317,6378.0867,7126.32152,10124.4387,10427.2991,10224.8047,11066.0658,10501.7169,12424.8578,13128.567,14306.6213,15148.591,16000.6632,16571.4642,16397.1641,16382.9319,16106.6253,17175.8743,17384.2139,16148.7089,16311.4631,19523.306,7203271.95
Samoa,Export,Food Products,Export (US$ Thousand),1320.021,2584.116,3037.031,5395.475,6844.922,6040.379,5681.955,7114.157,7981.243,8508.96,8849.459,10010.363,10160.1762,8886.972,10043.5919,14497.0198,17434.3154,16528.0445,19061.5392,22692.4537,23785.1923,23807.0615,31782.2832,34621.2413,35659.7928,33735.7193,36814.0574,33573.2938,38071.9764,37910.0352,41444.599,42222.873,43144.9882,52565.5185,4179680.68
Solomon Islands,Export,Food Products,Export (US$ Thousand),4894.539,5843.182,6534.92,6326.274,6986.625,6391.211,7448.486,8728.909,9391.186,9321.519,7487.886,6324.442,8512.94601,9506.13345,8922.72945,10725.3961,11075.977,7568.82443,10483.6646,16021.3737,21630.2591,20384.3679,25055.542,38158.7849,33586.8482,31910.5064,33528.5681,37104.506,36435.0514,38433.1368,42658.1843,38221.5021,33775.2914,38811.9608,19523.306
South Sudan,Export,Food Products,Export (US$ Thousand),,,,,,,,,,,,,,,,,,,,,,,,,13435.101,89020.8889,117928.209,134576.183,133067.672,133588.405,143379.476,172549.895,201605.189,116061.97,52565.5185
Suriname,Export,Food Products,Export (US$ Thousand),794.867,5830.626,4682.173,10247.683,18618.355,22322.288,23563.369,35250.169,49414.732,58646.401,51181.475,37412.73,54953.9827,60331.2144,72590.1683,92468.874,99422.0466,116600.193,130605.007,149867.499,176181.79,172533.474,194349.054,250087.731,267177.666,285381.961,265979.635,243938.828,203306.282,222089.886,241510.287,264107.447,199691.033,238816.732,38811.9608
Sweden,Export,Food Products,Export (US$ Thousand),275495.037,564443.197,664769.297,747504.423,1125725.73,1315690.73,1676102.89,1817889.23,1985193.36,1955420.16,2045690.33,2081971.81,1980583.77,2042533.51,2350206.1,2964849.74,3280092.43,3549334.33,3884280,4568750.51,5360083.28,4776017.51,4992356.48,5756049.12,5574421.04,6290021.77,6527554.19,5755247.87,5854841.67,6124622.17,6658790.34,6530276.69,6710546.76,7515286.16,116061.97
Us Msc.Pac.I,Export,Food Products,Export (US$ Thousand),13649.005,15133.923,18645.626,19036.266,14387.375,27108.56,39598.875,47145.233,47192.634,42010.559,28207.212,42040.943,,,,,,,,,,,,,,,,,,,,,,,238816.732
Vietnam,Export,Food Products,Export (US$ Thousand),695.542,11429.471,14582.348,12055.923,36107.633,149876.52,397253.532,602745.475,536351.75,435504.357,461563.182,481868.571,619938.097,731956.951,735091.452,820535.229,1056681.47,1258944.89,1682426.22,2389348.46,3176810.93,3710988.37,4589717.53,5508828.53,5784294.8,7092859.79,7787488.41,8181352.43,9113222.53,9263664.35,10650752.2,10049242.5,9239660.31,11084926.9,7515286.16
Lesotho,Export,Food Products,Export (US$ Thousand),,,,,,,,,,,,,123.599,45.311,687.953,755.323822,99.4000032,590.203518,997.10373,1780.28882,2263.04498,2274.62584,139795.769,159690.124,156219.239,149975.844,145589.805,139141.65,132584.595,159144.664,169398.898,181057.606,162525.562,194403.266,
Libya,Export,Food Products,Export (US$ Thousand),41046.615,98904.421,113617.859,115849.938,148930.186,171576.217,192824.207,316058.986,328733.595,313777.264,303115.381,207551.749,274303.418,367987.979,545460.872,423548.269,533467.468,599113.222,704245.934,773262.511,1004978.98,1047972.7,1163731.12,1092809.22,2114417.87,2317826.57,2036464.39,1937789.5,1684815.55,1376833.22,1999923.56,2016755.9,2062645.01,2231115.12,11084926.9
Mali,Export,Food Products,Export (US$ Thousand),1646.217,11002.477,8574.839,11393.935,13670.583,13012.941,23000.681,43912.89,48944.607,43601.706,75990.568,47997.877,92911.38,109861.237,141016.444,124034.984,125813.674,149597.986,170756.738,210986.607,208819.445,209835.887,211680.644,258129.737,275440.827,343200.92,404094.948,431603.188,391601.474,465911.637,499782.471,514693.948,598656.867,662762.87,194403.266
Mauritius,Export,Food Products,Export (US$ Thousand),1340.213,4808.407,7103.457,9351.733,31717.803,41486.952,61634.192,70260.039,69601.094,76752.769,74791.64,77088.733,103208.223,98656.7946,119470.13,137795.078,146952.166,187344.607,171012.26,221641.27,270491.213,310537.856,313562.584,393760.954,369256.828,409074.59,408745.421,397718.854,407440.371,464166.315,459786.432,469930.388,412926.344,435048.647,2231115.12
Monaco,Export,Food Products,Export (US$ Thousand),,,,,,444.578,996.649,6684.914,8294.372,103.773,54.246,1853.308,,,,,,,,,,,,,,,,,,,,,,,662762.87
Namibia,Export,Food Products,Export (US$ Thousand),,,,,,,,,,,,,17303.8747,18358.5309,25144.9495,32528.8373,33053.4205,30838.7359,39269.7621,43889.192,43181.6827,45743.6537,475245.678,548117.099,541537.804,571348.57,549763.941,513726.916,455224.709,507423.055,516120.085,512147.649,428408.238,506917.891,435048.647
Nicaragua,Export,Food Products,Export (US$ Thousand),129.585,2489.514,7585.522,12586.852,19063.526,25130.871,43084.757,70338.629,57019.436,70285.098,99550.993,89020.542,87812.1991,116912.052,114336.314,127408.092,151858.482,202535.852,200569.037,277907.583,311063.245,298961.82,346202.711,436116.521,475625.386,461712.597,575321.953,599222.098,599399.197,642046.302,617862.569,578305.533,646614.434,710713.283,
Nigeria,Export,Food Products,Export (US$ Thousand),23893.089,46268.153,64798.543,104734.294,212385.408,233285.387,168970.902,263452.842,359084.065,323082.942,413064.129,341008.387,671305.929,955269.951,955455.572,1060380.99,959410.386,968613.682,1239770.2,1569262.97,2076792.65,2002204.69,2043410.75,2874517.06,2843401.49,3162175.48,3401937.87,2636194.55,2226456.46,2560744.35,2423549.51,2649984.84,2392634.09,3209999.14,506917.891
Palau,Export,Food Products,Export (US$ Thousand),,,,,3902.343,4542.415,3988.28,3483.165,7063.14,9029.851,8875.07,6959.644,8279.521,6913.092,6102.91,6537.526,6057.742,6994.641,7002.385,8434.72108,8480.97,8221.357,8629.567,9474.10005,10309.0882,10497.4151,11710.5001,12504.2969,13452.3134,10768.3861,9858.70539,9957.80537,9627.66634,10755.9292,710713.283
Singapore,Export,Food Products,Export (US$ Thousand),85606.604,384427.907,433703.249,647929.101,1124555.91,1715612.41,1766488.29,1977496.08,2530485.3,2279083.18,1676383.8,1615155.08,2239479.16,2106248.4,2155467.88,2189985.28,2638216.06,2916336.22,3502708.67,4419491.43,5224707.03,4668215.75,5906749.55,7438047.52,8066726.36,8336041.58,8146579.34,7379211.23,7445637.15,7890138.39,8838796.34,8817593.58,7314168.63,8751354.48,3209999.14
Somalia,Export,Food Products,Export (US$ Thousand),1207.662,429.751,1322.739,363.531,19238.668,27717.336,34454.167,26742.068,38880.644,45376.962,48080.761,63754.609,93956.362,91046.1865,119896.299,100266.509,163319.823,142600.234,186447.942,188824.71,234188.31,266965.473,317617.073,399544.074,559662.289,478199.753,445236.035,518442.594,628645.465,735521.509,795698.326,1062129.23,1199238.13,1217442.76,10755.9292
St. Kitts and Nevis,Export,Food Products,Export (US$ Thousand),27.665,527.171,513.835,4693.517,4305.958,7454.904,7484.04,5513.545,5944.046,6845.093,6750.495,6683.47,8909.82879,8846.8895,8986.85905,9856.77321,12770.5463,12912.636,14434.0432,18431.2121,19816.6514,16814.7987,18785.7681,18057.3363,18572.2817,18619.7071,21091.9049,26104.2356,25327.6614,25896.6036,27546.0718,29316.3316,24963.3131,23297.8751,8751354.48
Tajikistan,Export,Food Products,Export (US$ Thousand),,,,,949.266,8841.532,8409.809,18028.008,58677.16,73964.944,46070.515,25742.719,19906.479,21712.0287,38654.2434,66091.0212,73118.6106,111460.845,183548.833,132438.436,141373.651,128322.644,233945.564,223705.643,195422.179,249953.559,259912.442,179148.865,186067.33,214220.823,217849.843,253016.348,262960.171,283990.511,1217442.76
Turkmenistan,Export,Food Products,Export (US$ Thousand),,,,,1361.256,20429.827,14118.148,25667.966,60782.372,87807.066,71345.646,81918.289,67031.1158,48885.2918,63819.6834,103814.577,94604.2908,112745.263,104886.068,96390.1846,139968.913,162359.561,268744.221,293725.1,321207.869,405133.242,437139.661,330924.226,248884.837,275445.353,206370.349,196054.288,185484.945,202983.092,23297.8751
Tuvalu,Export,Food Products,Export (US$ Thousand),186.503,280.323,268.895,619.481,501.936,402.921,602.308,925.505,490.33,606.986,507.214,709.354,1330.649,3075.4,3217.54157,2254.79968,1370.226,1641.36736,1709.70154,1762.719,2026.599,2345.72836,2400.67685,2916.14441,2851.85354,2898.40543,2990.69737,3187.78733,2635.89676,3000.85368,3063.63539,3138.40607,3432.13275,3721.86021,283990.511
United Arab Emirates,Export,Food Products,Export (US$ Thousand),68383.425,142685.968,195024.82,382368.898,455907.388,590051.764,649777.395,681601.379,740507.936,865328.067,872213.487,805398.848,1306887,1525159.44,1562647.67,1776101.44,2146465.17,2582726.4,3394874,3647358.15,4392189,4471560.31,5227448.35,6611970.54,7003880.59,8299922.85,8891438.67,8081682.62,8570092.99,8844673.39,7690762.9,7405311.99,6484360.66,7549746.46,202983.092
Unspecified,Export,Food Products,Export (US$ Thousand),34101.186,136814.011,146833.964,129573.94,188851.596,391827.337,1462935.95,1602571.52,322885.309,1222130.31,437233.946,645501.206,1130257.05,1301631.9,1855611.79,2090835.01,1972084.89,2168176.27,2299131.61,3221281.12,3356552.17,3203112.89,1847702.32,2262045.88,2141132.51,2052849.92,1975618.83,2322813.26,1864895.46,2494767.67,2146036.01,2244932.36,1463905.37,2458131.12,3721.86021
Venezuela,Export,Food Products,Export (US$ Thousand),3158.935,23117.99,14181.668,170096.355,259772.085,406571.21,346091.281,424418.798,410847.049,513899.06,744878.317,610102.209,866748.219,1183882.18,944685.89,729514.435,1103598.7,1214123.12,1705795.34,2073959.94,2769254.64,2338510.76,2270361.56,2949180.48,2998863.59,2882229.32,2925637.81,1466675.24,1065376.58,851263.527,766930.925,688191.142,834834.721,1182469.51,7549746.46
Western Sahara,Export,Food Products,Export (US$ Thousand),,,,,21.12,,0.724,222.41,441.44,38.559,112.333,28.587,8.956,,0.087,,,,,,0.254,22.908,130.111,,48.298,120.811646,13.297,25.3180274,137.177247,526.543166,,5.53860638,61.697681,213.625573,2458131.12
Yemen,Export,Food Products,Export (US$ Thousand),10698.376,31219.684,36236.711,99921.868,118042.635,146804.103,164290.226,140097.803,243238.83,217066.954,189282.152,188167.566,295369.069,319145.369,312107.621,391899.731,355110.956,471819.154,624712.956,739804.94,731633.109,999976.186,1077709.76,1118118.26,1432711,1482575.58,1498033.33,1006920.65,1177471.63,1164522.3,1110865.88,1440611.84,1670035.28,1664664.22,1182469.51
Malaysia,Export,Food Products,Export (US$ Thousand),33766.596,289902.35,274877.643,418794.951,577482.429,664976.132,861068.577,1114854.65,1527574.29,1646113.68,1224675.46,1205252.3,1436057.55,1688600.89,1753338.69,2070336.47,2240222.56,2379322.73,2864684.43,3276803.83,4157496.57,4145506.92,4968100.41,6376887.15,6953275.7,7343518.64,7342080.83,6612940.99,6698554.13,7063755.85,7895982.44,7049568.19,7119566.07,8321310.73,213.625573
"Micronesia, Fed. Sts.",Export,Food Products,Export (US$ Thousand),,,,,11413.986,11646.043,11824.099,9230.679,10501.992,13488.429,12539.791,12866.066,15509.884,16829.066,17072.8909,17864.599,16721.02,15378.0096,15183.2474,14188.916,15272.239,16696.8455,18276.676,19756.752,18917.132,18869.7474,20638.8471,22750.3245,21821.9526,23511.8166,23275.8177,27162.1687,27261.2252,28222.3862,1664664.22
Netherlands,Export,Food Products,Export (US$ Thousand),954202.626,2562511.48,2910882.37,3771669.22,4534188.14,5129801.92,6874571.36,10046921.3,11224443.8,10393818.2,9232633.7,9434757.6,8490051.14,9150760.24,10434416.5,12405482.8,13748365,13917582.8,15587597.7,18617044.8,23594205,21811398.4,21974589.7,24691465.5,24452091.8,27553267.7,27176851.5,25591049.8,24072091.3,25655319.3,27610759.4,26268531.1,26017801.9,27973245.3,8321310.73
Paraguay,Export,Food Products,Export (US$ Thousand),1247.307,47429.256,46843.499,148469.13,166221.761,348283.513,447782.422,584585.505,548621.597,652649.109,686749.29,375982.586,410132.863,299659.494,182432.633,181251.533,222722.816,225552.299,269719.899,330511.091,466077.249,496946.616,670166.245,752706.607,770871.869,781357.599,834308.062,704379.396,745201.46,849740.67,913575.899,819969.332,808248.747,852900.871,28222.3862
Peru,Export,Food Products,Export (US$ Thousand),1414.351,20752.409,16205.215,116983.772,191578.721,212723.944,275460.699,293242.491,314964.743,300635.937,388995.905,287580.611,271382.9,337044.372,311298.102,302166.363,345603.872,426216.168,516177.232,686047.948,818652.439,847151.488,1069354.64,1306663.76,1555645.83,1636488,1652891.69,1721791.63,1824074.69,1934297.14,1960236.49,1938523.62,1923608.49,2134258.51,27973245.3
Saint Helena,Export,Food Products,Export (US$ Thousand),,,77.944,65.106,1676.393,2302.537,2518.821,2471.01,2487.832,2465.025,4562.49,5268.874,3837.92917,2847.89622,5729.22945,7463.558,3841.69295,4834.58114,35241.4385,4753.67328,5437.78899,5820.21851,7556.59563,8879.54474,9206.76492,8692.22543,9616.94,8608.85479,7685.13737,8551.87839,8199.31367,8077.82329,5533.82415,5459.51047,852900.871
Senegal,Export,Food Products,Export (US$ Thousand),7066.199,27656.977,14830.497,15602.899,22886.252,22877.36,30285.982,87204.066,104608.543,105420.672,92736.172,106109.693,157980.176,218879.149,240892.088,303079.222,315932.153,361386.77,372205.982,539058.636,566118.074,421872.368,571866.704,749839.318,724438.929,848105.684,843534.545,717317.667,713576.636,973441.171,938222.385,1003943.99,1101049.1,1138113.92,2134258.51
"Serbia, FR(Serbia/Montenegro)",Export,Food Products,Export (US$ Thousand),,,,,157340.823,26342.658,75919.38,70934.322,256015.453,343220.245,297046.862,214664.182,426914.467,550928.597,688643.125,791297.307,872493.591,816759.216,926288.444,1078281.66,1344343.21,1258981.89,1214784.62,1371861.73,1429440.15,1730317.32,1745249.06,1625245.03,1721795.12,1865544.77,2260106.65,2506374.64,2611911.62,3226533.54,5459.51047
Soviet Union,Export,Food Products,Export (US$ Thousand),233577.688,782978.449,633419.484,1162540.55,,,,,,,,,,,,,,,,,,,,,,,,,,,,,,,1138113.92
Special Categories,Export,Food Products,Export (US$ Thousand),682087.453,907487.447,894366.563,648443.568,997458.253,1331186.9,580325.073,564182.377,567258.748,144416.287,764272.818,369103.642,712792.143,661143.176,939193.668,1121525.05,1143864.18,1257643.92,1386155.13,1643586.91,1783578,1547555.4,334144.128,235130.296,273219.937,335132.313,331942.67,340914.471,309121.717,366284.462,390534.448,341326.75,417546.279,476553.842,3226533.54
Switzerland,Export,Food Products,Export (US$ Thousand),304875.451,546062.124,673057.232,746495.191,1018605.32,1039816.52,2018926.34,2347149.03,2350102.6,2200517.31,2331874.42,2402002.03,3870777.79,4092286.58,4498508.09,5534974.84,6125889.36,6366138.76,7219373,8103910.06,9950475.68,9562513.25,9585705.49,10694260.3,10489346.3,11293615.3,11643021.3,10284196.8,10193949.6,10998379.1,11471155.8,11456283,12045849.8,13818923.2,
Syrian Arab Republic,Export,Food Products,Export (US$ Thousand),12869.456,32202.958,34487.065,51726.874,51181.543,70412.777,178606.141,258230.994,251236.843,231619.885,286553.388,246440.898,369251.975,568402.455,513924.745,584503.294,698245.107,870636.754,1091643.19,792747.277,954389.504,1260967.32,1642426.91,1464320.74,989489.159,818019.377,1243301.29,788604.673,730826.012,798771.007,1065631.63,1042643.78,962027.777,921428.42,476553.842
Uruguay,Export,Food Products,Export (US$ Thousand),1013.294,103487.852,8674.834,21456.39,33253.724,115750.855,169604.752,238704.796,311797.816,337008.006,399411.23,356829.509,438635.702,355987.084,216385.708,256376.575,342181.882,383447.703,371454.02,367781.209,495008.843,495176.567,610732.484,824202.672,838199.274,903058.139,910737.154,833711.687,791502.289,842083.729,839535.394,799367.786,700791.21,799377.207,13818923.2
Yemen Democratic,Export,Food Products,Export (US$ Thousand),3450.669,2351.953,1148.877,,,,,,,,,,,,,,,,,,,,,,,,,,,,,,,,921428.42
Albania,Export,Food Products,Export (US$ Thousand),2354.758,7326.781,6242.586,7897.391,19243.081,45789.854,103142.129,134185.555,190074.154,140631.471,96190.437,111351.285,179195.57,215575.052,263352.694,303250.055,323950.012,318987.266,347776.425,432230.066,615829.639,623344.651,568526.199,577803.38,597448.848,679820.011,620813.76,521190.416,577366.203,645377.796,715450.241,750996.597,762935.162,1060427.49,799377.207
Algeria,Export,Food Products,Export (US$ Thousand),36258.094,121161.179,102866.73,203736.804,164415.216,207092.727,437201.078,515227.701,461179.095,393113.771,477362.436,410083.843,682193.678,786372.48,775033.91,751647.216,885092.562,1118485.35,1363784.81,1459698.72,1964113.19,2041299.13,2379270.14,3122286.83,3535087.27,4019147.82,4069194.57,3179371.27,3118310.13,3078287.95,2857427.06,2672420.72,2661370.8,2540469.6,
"Bahamas, The",Export,Food Products,Export (US$ Thousand),6236.977,11490.714,12080.302,74327.343,81922.953,110771.434,107298.518,107008.314,134681.365,111740.49,107715.494,116970.619,150918.629,152650.359,153660.763,142194.923,150237.679,142026.028,187550.021,184830.892,179155.99,190558.088,194525.181,198569.234,222823.059,220583.788,218663.187,268198.614,260761.017,281330.686,262337.713,256884.775,236528.787,260224.735,1060427.49
Belgium,Export,Food Products,Export (US$ Thousand),,,,,,,,,,,,7934839.64,6724027.42,6460260.98,7503701.63,8870800.07,9598860.58,10019034.9,10857440.7,12976893.5,15013738.1,13939707.2,14036011.7,16549252,16951434,17634562.5,17840605.4,16251264.8,16576076.7,18006827.7,18347438.6,18041503.9,17846279.3,20030036.1,2540469.6
Bouvet Island,Export,Food Products,Export (US$ Thousand),,,,,,,,,,,,,,18.96,0.023,147.156642,12.275,28.0939637,114.418,29.453,160.650513,294.963307,1141.03917,132.350212,4737.0714,,9.892435,6.94862392,59.25,26.0566091,,11.2293882,17.5433416,68.430218,260224.735
Colombia,Export,Food Products,Export (US$ Thousand),1769.732,2966.584,12457.614,43799.498,103248.107,131016.458,322576.205,433026.686,482225.595,512231.587,502567.289,442955.877,548067.594,709393.135,650202.336,590505.765,612411.032,713391.641,1026880.88,1192922.81,1429085.01,1287935.91,1522303.18,1958403.91,2338554.2,2531445.64,2653552.54,2459596.21,2633026.24,2651436.81,2796995.76,2979509.5,2849130.89,3674554.3,20030036.1
Cote d'Ivoire,Export,Food Products,Export (US$ Thousand),3248.652,18597.812,11004.268,18383.13,20709.109,30419.332,56138.576,81423.096,122863.162,104519.193,129421.639,128119.081,178597.164,240731.758,215575.729,267439.384,276792.636,232816.344,328078.237,373373.331,482138.537,539040.489,566298.441,689916.669,789091.443,824784.497,852961.896,773305.931,1057883.61,1040390.03,1076134.94,1093114.86,1070315.15,1629928.19,68.430218
Ecuador,Export,Food Products,Export (US$ Thousand),2109.516,2660.158,5219.335,38809.374,70369.621,73602.111,138369.798,165941.472,159100.109,243307.179,261213.175,120491.091,133718.012,216579.501,262521.334,293656.259,327458.163,378831.71,463111.482,561888.855,695232.526,645381.943,753222.872,877169.854,1030563.62,1070676.18,1192004.78,1038185.12,949007.671,1200215.27,1435864.14,1431004.14,1314433,1796943.69,3674554.3
Eritrea,Export,Food Products,Export (US$ Thousand),,,,,,,1472.761,6384.754,7083.351,10519.565,7823.537,6381.294,17187.5539,16519.8737,19664.3039,26822.2111,26376.1242,37326.779,19618.3373,26339.4949,30125.8918,50334.3267,49569.7457,86401.7085,95453.5835,63369.1879,41160.5012,33867.936,43500.8252,41748.0321,44388.677,29179.9066,28612.3255,28585.0017,1629928.19
Ethiopia(includes Eritrea),Export,Food Products,Export (US$ Thousand),2252.721,2432.7,2147.069,14607.48,16584.176,,,,,,,,,,,,,,,,,,,,,,,,,,,,,,1796943.69
Fiji,Export,Food Products,Export (US$ Thousand),6086.391,9944.255,12259.67,15128.106,15961.989,19667.957,25678.604,24398.172,28058.983,27359.908,25388.448,27846.009,19626.326,24442.6343,29170.5774,35391.9391,45678.781,50198.3354,56743.849,58523.0203,83019.1969,61814.308,72069.2143,87292.1696,92190.1874,100475.846,103782.095,99592.9004,108684.372,120210.666,146792.705,136976.649,97856.6691,131020.273,28585.0017
Guinea-Bissau,Export,Food Products,Export (US$ Thousand),3228.646,4358.309,6813.113,5711.703,6523.043,6890.448,8903.191,12619.446,12154.659,15945.841,6459.698,10647.121,25260.4673,19305.0116,19066.4427,22432.0493,29132.4947,39741.5265,44731.0097,53725.3962,53299.9426,54705.966,72399.2157,78214.0276,66143.0973,84504.8877,109452.399,83797.6104,94018.5366,91362.2704,91405.2858,99922.9407,91695.438,116885.793,
"Hong Kong, China",Export,Food Products,Export (US$ Thousand),282610.367,580791.858,680610.761,1475761.95,2251725.13,2513314.27,3331058.76,3574775.76,3566339.18,3587530.54,2886269.48,2675972.86,3188100.07,3144021.88,3009225.31,3093369.94,3594436.71,3757343.51,3986501.66,4668915.35,5306531.15,6011366.04,7729697.44,10519043.6,10673075,11441536.3,12978831,12695266.3,13105146.1,13427434,15212971.8,13919477.5,11964477.1,12799333.7,131020.273
Iraq,Export,Food Products,Export (US$ Thousand),17358.92,62510.821,57633.12,39020.522,71098.642,80309.368,70508.093,31826.169,35333.766,130314.965,157577.429,171654.057,301110.375,218049.442,352357.963,573127.192,1129405.92,1145431.14,1271496.47,1445501.54,2925985.07,2504827.14,3240805.39,3579096.2,3771844.08,3949401.42,4038576.8,3876671.09,3981249.88,4089528.4,5757256.41,4741033.63,4635223.28,4632716.38,116885.793
Jamaica,Export,Food Products,Export (US$ Thousand),2337.863,13819.755,10225.14,50848.27,50728.106,97491.155,88407.606,140921.853,149220.134,185360.295,196691.091,197202.067,218856.955,252633.393,273295.517,263536.475,273763.361,338315.547,436082.736,531317.191,652462.435,551888.457,506775.559,609601.162,693538.819,583712.708,540610.27,522844.175,542875.957,571971.291,590162.054,615085.426,542619.971,652821.514,12799333.7
Montserrat,Export,Food Products,Export (US$ Thousand),23.722,1320.408,29638.209,28334.92,1680.977,2574.653,3021.853,2226.501,1871.206,1621.909,1685.686,1489.052,1681.40973,1913.69115,1465.84,2729.33492,2961.04063,3160.87338,1849.886,1794.675,2040.15052,2285.57443,2093.2022,5671.90432,2449.69123,2159.76895,1952.0247,2286.34454,2394.52437,2707.28767,2345.65904,2350.30696,2307.60811,2013.75194,4632716.38
Niger,Export,Food Products,Export (US$ Thousand),825.254,1702.506,1958.385,1391.299,2744.233,4698.13,9353.513,26627.984,25307.047,26539.606,32470.837,28495.366,56334.4465,74747.4118,90573.2275,101376.776,97074.9025,111839.434,107909.598,142027.683,222770.974,181892.493,277174.726,165661.168,181620.058,282472.729,246762.047,223621.135,184971.36,241210.62,235657.089,245195.324,290445.724,403001.004,652821.514
Northern Mariana Islands,Export,Food Products,Export (US$ Thousand),,,,,2272.214,2549.746,3433.801,5274.22,6287.592,6240.944,4962.693,4789.738,5818.18546,3142.995,4346.08872,4151.90022,6127.81332,6414.23118,5743.25921,5612.5308,4807.68027,5378.20278,7364.81703,8993.57584,7129.61706,7305.44284,8052.90005,10128.0228,10164.4706,14407.6989,13402.6807,13180.8623,12178.7061,14250.1503,2013.75194
Oman,Export,Food Products,Export (US$ Thousand),15013.337,20601.416,27816.094,47103.196,67946.554,95847.227,79988.305,88430.214,98954.884,93835.953,108524.444,146636.92,482748.816,566261.777,486527.646,268067.737,264825.021,316750.98,303906.025,443075.485,520293.92,564223.189,617529.244,700618.214,1130372.3,1247000.03,1217946.12,1588906.34,1377888.06,1236231.93,1632881.64,1825442.72,1495090.66,1672471.04,403001.004
Saint Barthélemy,Export,Food Products,Export (US$ Thousand),,,,,,,,,,,,,,,,,,,,,,,,,,16231.0742,3715.20966,18908.0371,22900.2377,19028.7788,21105.7838,25718.9043,1722.0526,1712.22067,14250.1503
Seychelles,Export,Food Products,Export (US$ Thousand),664.302,1724.061,1763.483,1099.579,7938.624,12560.462,12067.33,12907.589,12819.914,18947.372,14815.927,14682.149,25073.6231,18126.1419,24206.3816,22662.1648,29201.7005,27831.0544,40644.9317,34571.8941,37151.591,38400.2119,50738.614,61959.5062,65431.2164,77593.4385,88173.5645,89701.8874,91678.0282,102552.194,100922.12,100183.39,66665.1773,86792.0555,1672471.04
Spain,Export,Food Products,Export (US$ Thousand),250580.443,591629.826,726048.504,1186059.07,1690284.84,1663570.68,3451015.42,4458450.8,4520959.49,4279164.2,4656107.63,4895350.22,4736953.2,5183171.1,5692124.81,6888854.99,8141729.54,9235860.08,9360177.31,11622035,13005090.9,11963847.2,11680292.5,12899883,12450821.2,12762011.5,13131804.7,11788032.8,12092627.8,13502288.2,14535573.2,14025290.6,13285756.2,15964237.1,1712.22067
Sri Lanka,Export,Food Products,Export (US$ Thousand),22425.388,78064.906,78307.401,95561.599,177904.861,149055.17,298602.542,239246.636,233612.057,267659.007,226687.562,214717.196,287180.359,276134.429,302134.569,313293.374,377566.105,478260.689,506888.188,465206.319,499586.335,467526.749,613633.612,834721.912,812504.309,732344.713,696220.906,771834.3,853892.094,813157.552,820188.608,793941.912,715268.843,865758.775,86792.0555
Zimbabwe,Export,Food Products,Export (US$ Thousand),433.309,676.906,4175.56,1186.299,16352.393,10869.642,24394.727,34673.948,40552.516,73709.895,33496.48,44828.755,54044.3216,48021.8623,34192.557,43684.3997,62015.414,61104.4112,75964.6093,89843.591,115254.513,227082.539,319726.197,396952.88,409539.516,401182.496,357036.086,324299.994,274586.185,249191.982,256900.387,170365.82,209155.995,360830.095,15964237.1
,Sri Lanka,Export,Food Products,Export (US$ Thousand),22425.388,78064.906,78307.401,95561.599,177904.861,149055.17,298602.542,239246.636,233612.057,267659.007,226687.562,214717.196,287180.359,276134.429,302134.569,313293.374,377566.105,478260.689,506888.188,465206.319,499586.335,467526.749,613633.612,834721.912,812504.309,732344.713,696220.906,771834.3,853892.094,813157.552,820188.608,793941.912,715268.843,865758.775
,Zimbabwe,Export,Food Products,Export (US$ Thousand),433.309,676.906,4175.56,1186.299,16352.393,10869.642,24394.727,34673.948,40552.516,73709.895,33496.48,44828.755,54044.3216,48021.8623,34192.557,43684.3997,62015.414,61104.4112,75964.6093,89843.591,115254.513,227082.539,319726.197,396952.88,409539.516,401182.496,357036.086,324299.994,274586.185,249191.982,256900.387,170365.82,209155.995,360830.095
