Country,Trade Flow,Product Group,Indicator,1988,1989,1990,1991,1992,1993,1994,1995,1996,1997,1998,1999,2000,2001,2002,2003,2004,2005,2006,2007,2008,2009,2010,2011,2012,2013,2014,2015,2016,2017,2018,2019,2020,2021
Angola,Import,Food Products,Import (US$ Thousand),19.986,13.477,6.725,34.228,,65.857,34.425,17.007,1308.108,2914.746,3223.378,2105.812,3493.86254,3757.6347,6600.23465,4553.7463,7286.53737,6330.88596,5213.16848,5752.45246,1727.60539,1023.26693,7882.16695,6118.943,3362.51561,4026.55416,9022.53244,9292.21607,16384.3263,25847.3249,27430.1991,21754.5418,16628.3843,28213.7675
Armenia,Import,Food Products,Import (US$ Thousand),,,,,160.17,405.118,278.297,568.351,13371.527,29848.901,20245,18059.91,28671.4835,44972.1182,53118.0732,68575.4131,70378.5704,92871.4383,96447.6483,139466.031,170671.51,99866.507,130987.427,180148.474,237142.303,256546.968,226170.423,143253.177,203669.725,295213.906,302907.386,378408.708,325549.276,390572.645
Belgium-Luxembourg,Import,Food Products,Import (US$ Thousand),679284.426,711346.98,1057893.9,1271092.32,3516091.85,3255350.06,5522183.81,6139047.72,6246668.89,6205065.93,6439880.35,,,,,,,,,,,,,,,,,,,,,,,
Bunkers,Import,Food Products,Import (US$ Thousand),,,24.297,411.854,1885.987,1371.79,2270.725,8305.767,10489.053,8264.48,8570.543,11373.51,10074.614,9885.736,9810.362,11560.955,14122.386,14919.23,166.822,59.186,264.639,216.08,139.862,160.126488,83.421,126.031654,330.170902,626.275896,50.8977224,11.0223095,1381.99801,1287.17114,20.1834197,22.9720812
Cameroon,Import,Food Products,Import (US$ Thousand),42298.135,41193.173,35760.645,20612.641,113995.227,111167.915,120849.545,199029.932,232327.903,154293.352,209639.355,173490.422,107065.747,161966.236,162472.331,306008.601,235405.168,299511.534,263165.196,396598.882,463053.962,769720.398,772486.328,692351.982,565319.199,550618.031,705553.487,614729.244,641979.923,670908.176,685192.169,844233.006,841744.911,803611.857
China,Import,Food Products,Import (US$ Thousand),746842.244,1169445.09,1200771.47,1811278.83,2093319.33,3139173.59,4048054.89,4483204.71,5096887.53,4848022.56,4421884.77,4950578.98,5609376.91,6071276.93,6955180.17,7714363.45,9365363.94,10964674.3,12611396.9,14756050.8,15819644.5,15054095.8,17620526.8,21030582.6,22756843.4,22648242.2,23295768.2,22155857.7,22949813.3,24306941.6,26610343.2,24862651.4,24294627.5,26719410.1
Cocos (Keeling) Islands,Import,Food Products,Import (US$ Thousand),13,4.794,34.434,1,75.37,27.439,36.033,816.353,706.308,3.145,383.758,77.697,40.386,92.93,50.878,15.478,2.98663,59.07239,19.043,80.232,2843.05096,51.9159075,25.4368649,,26.326,39.920157,,205.459699,513.36459,93.8019371,75.1894783,40.3338327,36.210726,53.170818
Comoros,Import,Food Products,Import (US$ Thousand),,17,3.82,4.459,18.63,140.803,14.738,95.267,18.956,46.598,40.456,2.753,16.598,95.8931425,16.591,153.491286,70.9633054,29.805,10.126,48.1061377,7.90257261,76.528512,2.65147414,3.379,18.6727334,448.402808,214.282921,5.93914415,65.5999695,46.0423868,11.6477767,6.00896253,38.8072994,12.6445688
"Congo, Rep.",Import,Food Products,Import (US$ Thousand),1809.47,1301.079,930.311,142.878,3936.753,4161.871,5898.699,14606.222,7146.033,19829.637,16377.258,16641.621,16748.1339,16416.0418,29426.1511,20331.0195,33303.162,49579.3257,44603.0221,34689.3781,41772.1762,25874.1255,13622.9607,14863.3659,19922.5062,25970.4845,22049.0409,18253.5709,21111.8634,19862.7676,17541.1917,35849.5546,54528.4077,45723.2968
Denmark,Import,Food Products,Import (US$ Thousand),555979.535,680015.64,877626.795,1281310.31,1805430.92,1800388.11,2861792.27,3207379.25,3255480.27,3110492.99,3137428.72,2899822.19,2645486.93,2809403.98,3164178.71,3626485.11,4222350.68,4419566.49,4659945.71,5470181.68,6272565.95,5801848.99,5660462.13,6488041.8,6536301.51,6935054.71,6865274.16,5899482.05,5970922.7,6284147.15,6732738.31,6329231.46,6157558.76,7081768.03
Grenada,Import,Food Products,Import (US$ Thousand),1023.957,1467.378,1951.614,3626.469,3587.688,3938.166,4599.904,5242.66,3998.21,3958.892,4288.927,2886.604,3438.4386,2259.78646,3277.90463,7364.1693,3490.92226,2202.83596,2717.22644,2248.60201,2146.04776,3083.81665,5525.56681,4700.65586,9970.70369,5333.20013,5209.24811,7341.51086,4025.15452,5617.34324,6966.80992,8614.20511,5223.64459,7239.71808
Guinea,Import,Food Products,Import (US$ Thousand),1725,1364.764,2922.51,2652.274,2754.587,2268.754,4707.026,3869.477,14757.196,10158.886,14865.304,6787.53,4372.02506,3641.15552,5003.76345,24397.8444,15390.6776,29081.7486,26602.324,33020.0357,33641.4169,8961.50924,11113.1657,42722.5382,29879.0467,14652.0285,13813.951,45123.3244,47046.8459,27247.2143,21940.3697,30643.538,48535.684,86537.9692
"Hong Kong, China",Import,Food Products,Import (US$ Thousand),42990.15,108090.835,141202.572,298679.589,430928.919,507131.779,522946.25,448794.079,520817.474,513593.321,411581.789,347428.209,351428.576,337060.461,380227.576,369180.665,357313.667,395823.751,449906.941,513424.23,540204.395,457495.712,515799.107,566337.11,648271.082,671603.922,801820.819,1740755.07,854156.018,906100.616,1079667.21,1143462.61,1013729.26,1186632.94
India,Import,Food Products,Import (US$ Thousand),24015.946,230475.554,230257.823,387387.257,532693.619,851780.723,817318.78,719629.532,1550033.31,1619159.36,1323970.43,1017299.94,1154995.25,1264853.38,1285168.8,1419822.05,2067973.6,1891178.76,3092162.06,4024587.15,6366928.85,3996714.56,4883452.58,7410004.29,6960457.59,7230724.26,6395185.64,5792748.19,5715984.99,5767993.65,6361867.69,6106856.43,6778429.69,9520356.45
Jamaica,Import,Food Products,Import (US$ Thousand),10451.762,17523.639,23833.788,95466.873,93234.947,215927.255,226433.108,242773.226,251270.764,239278.366,257848.659,251498.816,244157.026,232809.426,243720.139,290625.323,291998.292,318798.616,448608.397,478365.043,562727.847,447598.547,270480.576,387096.709,471910.652,347993.938,255022.7,279085.736,248731.379,308848.334,314459.095,311187.926,339485.881,354592.163
"Korea, Dem. Rep.",Import,Food Products,Import (US$ Thousand),10962.12,14343.648,7249.066,7224.273,5362.08,5835.722,10436.973,5998.136,6779.168,7590.88,3252.21,3662.723,6562.16441,3078.90696,4408.27275,2849.80931,1795.9592,2390.94913,3408.56622,2230.39739,27994.0649,2675.48845,4375.038,3469.53919,4002.25164,4506.40648,5132.49158,7389.9343,5236.04466,9529.17419,3787.05345,1820.84865,1880.90944,1126.8678
American Samoa,Import,Food Products,Import (US$ Thousand),,,,,,,,,,,,,3104.358,2824.663,5441.66654,4441.5359,4404.88757,3905.683,4785.08421,5709.15078,5915.0348,5908.60647,5248.52807,6590.4982,7680.72854,7584.63589,10986.9868,12161.0021,13450.1248,10209.6291,12846.3207,12814.4216,12099.554,9806.7533
Antarctica,Import,Food Products,Import (US$ Thousand),,,,,,,,,,,,,4.812,125.605,1.1,195.018,0.093,1.44,0.094,0.89,89.2691415,41.8513799,4293.98828,16.8773223,17.4821591,216.931429,36.2377544,141.920296,267.080966,13.5415907,110.268039,0.839,12.5669782,2.63152602
Austria,Import,Food Products,Import (US$ Thousand),173917.459,225661.042,290942.904,384014.193,514404.067,548837.097,883449.912,1020365.66,1239115.29,1241758.37,1412903.87,1568879.33,1653386.38,1904127.57,2159492.42,2823435.84,3626685.03,4142469.86,4876215.11,5691890.36,6782562.15,6000006.34,6047643.72,7283639.6,6686922.27,7166479.92,7199865.31,6772013.1,7241324.76,7777315.99,8781704.65,8750926.94,9290699.94,10771446.8
Bangladesh,Import,Food Products,Import (US$ Thousand),944.233,1283.318,955.508,2539.455,4968.096,3576.787,6995.12,6226.459,10246.701,12467.412,10181.793,6398.186,13849.9824,12130.2689,16320.2468,40710.5234,48538.2319,38671.23,41636.4384,58319.0516,91251.0394,100795.255,135147.13,158845.892,160115.045,195143.6,211492.109,210532.734,212169.978,262845.444,318085.083,335239.013,317844.127,481636.015
Bermuda,Import,Food Products,Import (US$ Thousand),180.716,2408.639,1114.915,4119.407,11107.002,2221.741,10455.355,5331.182,8067.587,5466.038,4006.764,11912.575,8320.94874,4670.05118,5544.38842,3760.23982,3556.8254,10753.8551,8587.31233,8035.22163,6595.2919,35000.3053,3589.81039,5659.65293,7093.81961,7597.7193,6047.17108,5872.39636,7667.37673,13245.0491,6083.61298,9463.75575,3116.79038,3557.08449
Bolivia,Import,Food Products,Import (US$ Thousand),745.715,925.319,15021.313,22224.156,39543.079,18451.565,75755.265,96442.517,137973.839,172107.006,148951.458,148375.482,167844.439,214255.908,201087.544,295208.48,364829.978,150165.019,274910.767,143311.997,542285.372,565606.681,607188.511,557850.1,796727.037,993339.963,873884.616,675381.832,871477.566,644902.398,747188.997,791996.634,794990.409,1079181.02
Brazil,Import,Food Products,Import (US$ Thousand),1138041.5,1750649.61,1812251.1,2535407.62,3768603.01,4151334.34,6365567.82,6636165.11,8674921.8,8173242.19,7882026.78,7811588.66,7222628.48,8415638.43,8935693.87,10219332.6,12236996.4,13815104.1,16058436.3,18598135.4,22885609.9,22427466.5,26257380.3,33131233.7,30868206.1,28869177.3,25833254.6,23525115.2,23244681.7,24283265,21852588.6,19516605.1,22089310.1,25605717.5
British Virgin Islands,Import,Food Products,Import (US$ Thousand),4.86,101.853,91.959,789.925,122.305,583.409,2736.757,777.469,4087.1,53131.558,1257.484,1236.93,2201.17658,2489.316,4441.357,5459.64705,20911.7158,18669.1911,8269.53688,4735.88078,4067.88257,1200.05431,1788.63248,1461.58679,4531.40029,2338.95405,5487.13418,2217.30971,3383.61209,3196.16653,771.947102,608.717921,467.537841,1436.82413
Croatia,Import,Food Products,Import (US$ Thousand),,,,,27544.316,70541.055,185945.525,195866.394,197801.234,172887.984,165149.294,150418.634,127335.201,169198.431,197372.299,438174.731,444894.326,657975.363,790740.534,757707.798,888560.937,783940.169,813692.483,911270.981,905026.49,794883.87,841955.76,761423.762,823034.359,963979.486,1065781.07,1086112.55,1062367.51,1229138.87
Dominica,Import,Food Products,Import (US$ Thousand),95,4708.235,389.089,382.059,4852.95,6340.108,2236.233,2281,2285.103,3207.809,2984.517,11530.271,2863.24975,3556.15125,3234.55794,3655.74973,6070.97948,4358.90578,3728.69395,4171.38948,3488.55428,7550.59023,4766.63894,4818.92579,3591.05372,4311.90024,3836.33943,3298.94532,7403.25783,9469.18448,2825.81504,2594.99195,2740.95043,1164.51348
Dominican Republic,Import,Food Products,Import (US$ Thousand),7861.25,13098.638,28875.882,255899.153,260293.76,293410.631,409464.133,369561.849,510312.38,732870.214,643907.895,461731.872,440455.258,463722.069,527980.81,554948.701,594616.237,597645.715,724611.463,802546.353,859385.781,961315.481,1079939.58,1092266.01,1154515.25,1177148.38,1264629.46,1384194.11,1396013.82,1470929.84,1590137.52,1606263.85,1640455.53,2015493.02
Ethiopia(excludes Eritrea),Import,Food Products,Import (US$ Thousand),,,,,,1052.108,1803.287,2799.184,804.432,1746.019,532.182,2598.303,4417.73292,5638.7648,14554.2774,13002.0457,12742.3993,15812.47,17253.2032,33953.7233,35217.644,26928.9443,12111.7759,8087.82579,8428.41495,16482.8,17934.4434,8704.66978,15868.4239,26449.5833,20553.9788,28240.2409,29712.9652,42661.2245
Finland,Import,Food Products,Import (US$ Thousand),45787.001,48515.333,58265.559,95313.994,166441.975,226696.953,288747.83,338414.92,478465.471,427403.974,379808.347,336472.278,288771.005,301226.291,347034.626,404165.757,461618.891,503359.127,559452.296,657696.485,725222.216,648015.213,630557.056,752398.354,803460.898,835332.506,855953.351,681117.525,683998.317,752407.357,813633.885,829034.358,771754.873,915945.232
"Gambia, The",Import,Food Products,Import (US$ Thousand),18.024,89.605,23.768,96.263,33.097,7060.634,232.838,275.424,770.451,1721.047,451.203,605.192,577.249846,1425.64388,3547.56988,363.355401,1446.6989,1084.09452,290.532989,237.500576,220.539087,197.988832,797.819829,27861.7728,186.485444,329.801772,1499.32442,911.352847,1716.34019,3779.31181,5029.91729,4947.28342,7653.57995,11214.4394
Germany,Import,Food Products,Import (US$ Thousand),595681.576,1201248.08,1581954.28,2113599.56,3974506.22,4774931.24,8811436.6,11104992.6,11755689.1,11425100.8,11618903.9,11825396,11521649.3,12537108.9,14169100.9,17711271.3,21267258.7,23669898.9,25576762.2,30557768,36321931,33742358.2,34409176.4,40112745.6,39440030.4,41945361.8,42984008.1,38557247.7,39134119.5,41672585.6,44446947.5,42715434.8,43264326.6,47843455.2
Ghana,Import,Food Products,Import (US$ Thousand),92437.311,106255.702,124993.663,186557.654,221235.917,277954.829,399746.204,519030.647,627125.801,591674.477,731656.454,651492.873,558909.248,561237.156,743462.014,1030890.91,1216293.73,1200590.67,1559016.03,1884923.36,2306022.15,2245356.44,2837172.26,3763145.86,3319029.07,2704322.77,3242558.43,2996595.81,3178481.28,2848955.55,2986116.88,2661384.77,2502665.48,2898881.32
Albania,Import,Food Products,Import (US$ Thousand),84.697,6583.288,5586.454,242.664,5405.375,4247.941,6822.959,4357.678,6354.582,16082.514,15691.78,11612.368,12503.4533,14201.6969,17389.8662,20368.4888,19484.4612,23168.187,29083.5922,26858.7257,51223.4391,91010.9102,28530.3534,28639.0147,44632.5628,59219.7697,56078.4151,59742.0065,65693.7504,75987.9117,86771.3768,95510.2972,101202.936,134880.621
Algeria,Import,Food Products,Import (US$ Thousand),4809.908,4477.497,3275.356,1495.686,1215.286,2874.767,8393.209,16962.619,25604.749,12102.424,8360.712,6330.219,5413.08649,6998.62903,9171.68464,15036.4171,15278.013,19103.2815,20020.1432,21670.4185,32529.7674,107128.9,186509.527,205776.35,129282.894,213682.495,237581.161,143611.923,293777.147,270390.748,220744.733,258437.743,291065.141,339023.457
Argentina,Import,Food Products,Import (US$ Thousand),280108.209,418162.462,792634.184,1390825.65,1699968.88,1570773.92,2187195.38,2705189.55,3723465.72,4037162.86,3517565.69,3412590.75,3795258.11,4029959.77,4367836.24,5398396.94,6894687.52,6906323.08,7806869.77,10579043.3,14118317.8,12628829.3,13225809.8,15005645.4,16026091.4,16300399,16623825.3,14407071.5,14452312.7,14189384.6,12736281.6,12587956.8,11810305.6,15583120.7
Bahrain,Import,Food Products,Import (US$ Thousand),16,62.842,88.711,1568.352,2005.081,4461.737,4156.058,5027.034,7392.503,1705.831,11429.279,13414.158,14093.2685,18578.438,24340.2779,26890.6457,27728.256,23358.564,25716.3966,32881.8251,110625.285,86894.6375,149275.581,158935.179,173680.826,204745.854,222181.051,263425.289,259752.861,181646.45,242637.204,227073.545,235934.365,227926.855
Belgium,Import,Food Products,Import (US$ Thousand),,,,,,,,,,,,6390066.32,5969531.42,6414367.44,7355096.51,9024513.03,10696337.1,10864852.4,12092450.7,14350048.8,16186494.6,15131916.8,14991391.7,18352564.7,17806642.6,19564796.4,20117009.5,18211537.2,19207920.4,20831249.4,22331243.1,22297225.8,22936634.1,26441746.6
Benin,Import,Food Products,Import (US$ Thousand),153,866.704,14,98.906,548.523,1820.198,2396.564,2643.393,6091.481,3771.253,6064.477,7187.635,5301.59248,26121.7163,9783.38289,15568.297,25338.552,27120.7024,41802.8504,47827.4738,40156.0678,25978.4204,18368.2127,15828.2626,25835.4297,28621.8045,23844.5064,14318.25,16094.2634,25355.0021,33148.6867,28472.8481,30527.6161,34104.9692
British Indian Ocean Ter.,Import,Food Products,Import (US$ Thousand),,4.927,116.477,297.885,1320.257,,52.503,2.881,39.712,2.855,88.293,970.064,1957.19863,407.188,1209.964,199.27029,4.081,14.583,2.241,33.59,94.3749827,482.493593,151.894162,94.445,540.506084,1027.78502,317.64616,404.370387,215.766313,241.139972,128.500662,51.5326911,30.9647004,86.2879211
Brunei,Import,Food Products,Import (US$ Thousand),15.655,937.456,117.217,808.774,273.427,104.891,46.84,194.651,517.682,700.276,129.758,350.438,160.493802,269.985,121.024,147.248,87.3119196,212.867,701.436062,197.371524,1085.5998,584.354813,487.540131,404.4489,1952.81141,603.469694,1515.41359,1194.98087,1104.09474,1892.09836,2210.06725,2484.61385,1993.79088,6189.23806
Burkina Faso,Import,Food Products,Import (US$ Thousand),6.477,2192.051,694.385,17.16,907.679,756.556,225.114,767.482,581.738,516.18,29428.298,14821.864,16771.2005,16495.217,36040.984,19848.3294,42652.3256,9739.40035,4858.48195,5796.0418,2608.67589,1963.9002,4417.21489,2226.1073,3128.64003,3090.98098,2845.16718,2221.81947,2449.06031,3995.88209,5369.94528,6417.72705,5091.55479,10538.4764
Colombia,Import,Food Products,Import (US$ Thousand),43894.262,58908.13,66583.311,156982.846,249544.688,202601.07,489832.188,595665.254,568259.81,630085.35,646052.349,570735.239,595066.249,662467.383,680300.817,824991.395,881609.834,1109750.03,1162709.53,1170274.97,1367312.33,1486880.34,1527226.11,1899016.05,1699789.41,1666461.99,1462153.37,1372990.81,1227124.72,1389198.43,1449951.21,1456223.59,1523381.75,1670845.96
Cook Islands,Import,Food Products,Import (US$ Thousand),,50.462,16.166,,,36.817,71.487,174.344,150.64,291.992,497.959,137.863,524.601,315.025533,537.70628,1479.68332,2323.46451,1906.12882,1100.61226,807.360657,834.494453,872.311431,831.836708,661.284,669.323932,442.757855,449.522671,575.387279,561.730954,881.148113,1108.10187,1098.44633,146.52739,194.021899
Cote d'Ivoire,Import,Food Products,Import (US$ Thousand),224293.406,257380.896,341785.137,485563.499,786745.714,764292.05,1261002.18,1729860.38,2242241.15,2001413.44,2421521.25,2301165.16,1784476.32,1809956.24,2414813.1,3309713.6,2970425.68,2831263.95,2824509.19,3218376.28,4039530.59,4269785.28,4691649.49,5339560.27,4637664,4661517.33,5737264.01,5606970.03,5781533.02,5888966.06,5892156.2,5810078.67,5845319.49,6185368.07
Djibouti,Import,Food Products,Import (US$ Thousand),,,57.549,35,691.547,148.111,146.671,1134.013,689.483,1249.929,224.683,627.927,358.690959,1418.02508,134.855489,6440.96204,1636.41388,4402.13019,23553.2538,409.096078,6011.0756,8015.79882,95.3278897,254.997463,553.160762,959.104367,1199.23674,658.308713,1573.00091,4974.02509,1072.43901,119.550317,5830.90022,6737.18459
"Egypt, Arab Rep.",Import,Food Products,Import (US$ Thousand),2075.883,5027.069,8476.963,46131.18,42806.014,42992.968,46272.767,99290.185,107387.588,85622.032,127056.48,158564.509,183217.651,232961.989,232268.857,261845.232,305105.609,369905.799,480770.499,694875.084,707680.492,767547.418,1159629.27,1086551.16,995598.993,1340839.38,1349233.99,1344342.07,1634034.35,1583684.57,1550514.39,1664749.48,1491898.91,1764253.61
Faeroe Islands,Import,Food Products,Import (US$ Thousand),3447.009,5817.964,10664.761,8739.653,20048.94,28983.913,24607.584,28381.995,33532.39,21864.807,29973.896,34807.345,35318.4839,43131.8375,43530.0937,49778.5961,69858.1823,62896.4935,78344.3838,80363.799,44251.3433,19375.2942,24205.3716,7639.36882,19073.4637,33042.1788,44107.056,41223.2894,45414.5736,80038.4763,96474.4452,82993.3076,81118.7609,94128.4564
France,Import,Food Products,Import (US$ Thousand),2640252.69,3926029.75,5627058.92,7065407.66,8783644.54,9845694.4,12897159.5,16888212.7,16973739.1,16953985.6,17404450,17767118.3,15647898.3,16376143.9,17979720.8,21226948.9,23625993.9,25201691.8,28155579,33661865.6,37840421.4,32895141.9,33999582.3,40178824.3,39724971.5,40895750.7,41398094.3,36564360.4,36567457.8,39827515.9,42545303.9,41306952.9,38903339.2,46246654.7
Kuwait,Import,Food Products,Import (US$ Thousand),8.697,528.213,430.875,419.523,11996.197,6962.484,8214.232,8526.152,14402.468,3595.581,15903.677,17067.342,23254.588,32936.1995,37140.2446,39335.3361,38141.6614,44018.22,47321.3938,65263.706,72723.3499,75465.9921,92090.5224,96097.3779,124235.691,144965.318,190078.875,176573.037,163127.085,183585.063,177429.006,193174.424,150644.028,157092.266
Lebanon,Import,Food Products,Import (US$ Thousand),834.896,2211.562,6144.961,29972.139,26216.678,20919.737,23406.13,39824.464,46889.006,38618.635,55217.86,47266.015,74841.7525,106226.216,121793.517,176031.233,226234.962,172483.803,155168.254,195615.684,234575.667,228006.004,273104.883,268854.539,288274.519,349103.218,404890.837,357003.642,344497.62,327511.682,337950.309,399001.536,345261.086,327192.169
Marshall Islands,Import,Food Products,Import (US$ Thousand),,,,,300.115,95.98,,2.471,22.033,77.813,12.686,,0.694,103.245,161.866,210.861,331.04,239.609,315.23986,184.081,1071.08321,2745.34587,3871.27531,7873.21964,9063.09723,5569.22438,3106.82278,2729.50903,967.629305,1886.3549,812.019683,3133.86335,1748.54978,364.283673
Mayotte,Import,Food Products,Import (US$ Thousand),,,,,,,,,,,,,3.344,4.293,76.0847818,10.587,5.765,1,12.572,40.5234136,107.073614,410.931785,168.215998,161.305545,461.970982,211.595161,,,,,,,,
Montenegro,Import,Food Products,Import (US$ Thousand),,,,,,,,,,,,,,,,,,,21942.2528,35313.0092,37031.5258,31277.8335,27512.8761,30785.5392,31028.5972,35987.3182,27807.1898,24878.8872,26857.1661,28493.4934,29755.3569,31535.1142,25856.7839,29003.6874
New Zealand,Import,Food Products,Import (US$ Thousand),154723.521,221118.934,229005.343,290904.486,332338.964,401684.188,482206.851,578941.036,672704.041,688905.697,634175.268,721860.683,888773.26,1013023.44,1099165.95,1314024.96,1670987.09,1869739.56,1997434.29,2505073.16,2670279.94,2705927.97,3025789.79,3606118.65,3671030.88,4023032.15,4249943.11,4017330.22,4492511.14,5164264.85,5512137.68,6116531.82,5952612.01,5879073.47
Nicaragua,Import,Food Products,Import (US$ Thousand),2173.468,5640.916,6450.372,42788.108,24829.657,23287.231,32756.337,57540.844,63769.509,126645.857,86826.739,72169.328,76749.9694,111715.834,96553.045,100103.886,123724.084,185424.953,178777.989,238386.031,217458.515,319756.873,335615.694,414938.931,465267.142,383527.365,445728.855,429343.217,424041.281,541769.519,599575.133,610613.614,654658.028,771138.198
Niger,Import,Food Products,Import (US$ Thousand),43.292,86.91,436.663,588.101,281.22,1553.174,951.808,2451.784,746.348,403.98,702.973,913.67,6756.97113,7866.39181,5558.03976,2244.78644,620.166575,2208.99304,989.498385,3195.56062,3421.68541,1264.63813,1202.87501,1962.01664,722.864993,1326967.91,1236.3336,1280.26022,1098.04645,2747.6511,2048.37955,1576.52913,2043.35762,2251.05449
Occ.Pal.Terr,Import,Food Products,Import (US$ Thousand),,,,,,,,,,,,,2538.05281,3285.79027,2960.83409,2589.711,3444.27184,2811.4127,3384.40689,5307.13236,6919.87452,5012.25671,6165.56633,6868.31095,10286.0031,10956.5504,10804.9482,12776.0954,11210.5603,13506.194,9574.04666,10541.8863,15970.8725,13525.593
Pitcairn,Import,Food Products,Import (US$ Thousand),,,,2832.879,11.143,12.348,182.786,,11.209,,,,0.264,41.403519,16.62,64.97,494.948978,2469.24482,98.5961799,1907.749,791.14601,160.361004,96.5918433,93.653073,4.75486863,127.79036,54.2907206,45.4558055,326.718422,271.985629,102.417933,181.043658,1475.3257,2841.62808
Poland,Import,Food Products,Import (US$ Thousand),90504.688,131493.792,179475.302,310341.183,350878.396,328673.624,421364.891,480418.59,742021.428,968597.38,960591.61,875003.973,1007313.1,1204237.68,1401545.71,1850591.63,2592385.79,3427657.03,4426809.11,5823894.3,7247011.89,7004774.26,7938182.79,10477227,10803473.5,11686378.5,12672474.9,12511595,13420769.3,15219656.3,17364953.4,17899059.4,19734409.6,22602860.6
Saint Helena,Import,Food Products,Import (US$ Thousand),,,14.174,,11.924,86.239,75.507,59.39,48.525,12.718,54.234,20.75,20.588,53.91,105.446554,296.425,344.838,42.302,2.217,158.554,44.1516402,103.050575,392.734626,112.20643,1.638,14.0742342,2455.09855,132.9939,108.211883,74.1484918,301.593026,77.1328084,10.7627139,33.5936707
Sao Tome and Principe,Import,Food Products,Import (US$ Thousand),7627.208,3667.451,2753.213,2275.491,2166.618,3422.115,2988.645,4118.544,6008.236,4550.002,8164.518,4880.523,4200.19215,3233.38885,5447.12659,7737.50843,5346.90253,5810.34774,6932.01923,5377.73897,6588.42362,8875.4601,5969.08267,4578.11749,5884.23736,5713.51461,7563.13281,10382.8205,10924.1513,8634.79157,8326.28709,6836.51435,4311.49723,9185.33379
Seychelles,Import,Food Products,Import (US$ Thousand),1362,1488.394,218.041,196.591,1371.406,10798.986,17505.457,16745.046,30803.663,65773.833,77807.979,104476.396,134730.896,153450.268,195532.99,215933.779,199255.18,193401.477,220816.099,199909.175,233709.761,228843.334,210785.46,248275.339,260318.823,367075.276,332368.324,246896.266,270707.04,271784.212,297260.64,243902.356,259570.501,284849.211
South Africa,Import,Food Products,Import (US$ Thousand),259620.373,318605.158,366517.331,371201.581,352636.154,457219.524,733025.872,976404.636,1223672.43,1218409.34,1175555.77,1121315.76,1550915.72,1688506.23,1735494.36,2118092.74,2348479.35,2458781.84,2337775.81,2818407.67,3103379.84,3683512.93,3809325.94,4083329.02,4075871.14,4226390.76,4042748.73,3649158.33,3355462.04,3616391.71,3966084.97,3890406.99,3532278.27,4080842.05
South Sudan,Import,Food Products,Import (US$ Thousand),,,,,,,,,,,,,,,,,,,,,,,,,,1.77685325,60.02,0.139,77.52893,32.2737349,98.4040035,518.118357,167.30633,376.979001
Switzerland,Import,Food Products,Import (US$ Thousand),183357.662,288862.69,422131.674,536156.793,792621.814,890689.994,1403159.67,1583180.82,1615907.54,1671193.23,1645975.97,1720877.57,1688448.28,1695926.23,1852000.35,2191228.82,2841978.58,2925433.27,3247416.87,4057201.52,5691465.03,5986723.48,6634687.03,7830333.95,6861899.15,7804767.64,7960637.01,7381353.97,6977103.74,7022704.19,7282256.35,7062685.19,6791233.08,7338695.93
Australia,Import,Food Products,Import (US$ Thousand),487784.309,1101978.59,1136331.6,1215851.15,1298971.41,1872187.74,2329543.34,2659080.47,2988088.2,3123137.99,2896565.41,2898279.63,3549013.22,3758097.88,4081468.45,4612210.93,5465916.08,5706312.78,6171416.76,6596440.02,6239296.75,6039093.33,6986228.29,7423528.43,6841560.35,6522775.59,6276917.2,6156670.2,6980477.26,7687647.16,7513871.35,7343573.37,7497612.57,7798281.34
Barbados,Import,Food Products,Import (US$ Thousand),622.182,2278.26,3322.478,12668.999,13597.815,49019.202,43362.054,48324.723,63927.561,72658.069,53459.521,54276.809,65301.5225,60078.7944,60979.5299,58307.3256,77847.2441,110313.682,76329.2893,83267.2921,95308.0291,105172.587,111156.375,196926.704,121610.383,81878.8725,82036.8345,74931.0688,74292.1217,80305.4067,86281.5421,85207.2576,85476.1654,93149.6898
Cambodia,Import,Food Products,Import (US$ Thousand),,22.367,59.873,16.179,16.45,131.867,333.903,385.387,4907.404,1258.23,509.546,691.95,1093.641,2666.91318,3096.82999,2160.49111,34936.0722,35199.0341,41030.362,34314.1104,20157.0797,46832.7975,41750.0102,65204.031,71568.6089,140423.791,114510.893,95118.7901,91552.0604,135827.235,144898.746,143223.646,149970.046,194826.046
Christmas Island,Import,Food Products,Import (US$ Thousand),,,,,9.218,14.445,7.96,0.861,6,1.889,,,42.045,,391.231882,411.197,11.751,94.018,105.220982,38.387,3.21707674,213.806608,11.1622802,1.75042975,0.312,74.599795,73.525,13.8,15.5926483,499.15469,222.18963,33.8050397,3.97826867,30.116864
"Congo, Dem. Rep.",Import,Food Products,Import (US$ Thousand),872.494,2621.369,1302.417,3996.296,8293.211,9342.799,12400.357,7746.073,12686.153,6960.235,7207.202,4409.73,6906.52842,1940.15902,3382.70376,6529.94182,17110.4451,30827.4744,22183.1936,28177.21,43243.1674,34757.1279,40713.0405,36101.0014,11391.1224,24278.8202,33392.6164,28134.8576,28620.9175,42438.6132,50943.8989,56902.3006,56300.0841,71552.5755
Czech Republic,Import,Food Products,Import (US$ Thousand),,,,,,97009.104,281655.522,361028.918,443909.486,486698.894,534140.234,432318.061,468975.242,573578.754,690565.893,847742.998,1044080.33,1455878.88,1496716.69,2000530.61,2946665.15,2721625.17,2741363.89,3307109.95,3365313.08,3593835.14,3600383.81,3314471.66,3704066.28,4058697.19,4365720.35,4463185.76,4785765.78,5031412.18
Ecuador,Import,Food Products,Import (US$ Thousand),74041.505,68257.62,61243.304,191545.98,193621.142,261329.157,373262.941,478378.116,594650.902,574812.696,569630.173,638355.432,605154.351,646302.786,744043.11,884098.287,962322.259,1154833.34,1301256.18,1570938.38,2091297.45,1959743.24,1972412.51,2520274.39,2632042.16,2967368.98,2725825.54,2600700.52,2728262.84,2896009.16,3006322.8,2884417.25,3055978.37,3125887.28
Equatorial Guinea,Import,Food Products,Import (US$ Thousand),438,5393.603,7033.135,6581.837,5241.141,4590.175,3873.535,4575.571,5279.549,5440.775,10227.976,4387.957,4611.29145,3312.84305,3074.17601,5012.0516,6619.57876,2900.83579,3403.84552,4547.05755,3551.68771,3653.5673,2756.3478,3055.08867,1601.89395,2457.31651,2400.75872,2566.29616,1006.90343,2257.90539,4469.12342,1542.28128,1636.96416,1643.92171
Estonia,Import,Food Products,Import (US$ Thousand),,,,,3173.254,5366.835,24953.337,23162.004,61719.045,68237.938,86410.51,68978.447,63383.4659,84249.8607,94965.5354,129671.775,185155.731,211366.538,215500.016,287822.176,366555.928,345563.129,308781.617,362431.647,383431.706,430481.882,473384.153,370564.987,387681.012,466435.922,521902.431,529199.999,563618.402,630609.545
Fm Sudan,Import,Food Products,Import (US$ Thousand),4425.918,233.883,3752.167,2986.808,8255.132,16462.118,23607.83,34112.982,32040.368,45767.208,44144.112,19171.015,25651.1103,36456.8567,24973.4817,31077.9243,30934.9947,33014.4293,38834.8808,46908.9323,50075.4938,25703.0089,32799.2961,47526.9961,,,,,,,,,,
Free Zones,Import,Food Products,Import (US$ Thousand),,,1378.636,4509.369,5873.265,7814.057,17827.707,87989.903,27485.877,47711.333,32060.229,47933.226,13129.649,10013.745,6712.301,37931.553,34019.526,51651.093,53818.349,97625.175,121375.528,108913.969,127091.27,175721.751,338680.798,339331.134,259300.662,467467.801,588506.766,340024.96,352923.733,192486.043,184431.811,196896.842
Gibraltar,Import,Food Products,Import (US$ Thousand),83.276,22.981,49.926,217.091,6561.256,193.341,3404.924,13415.861,197.215,968.142,1599.425,941.263,832.363585,1975.25099,1825.55207,713.128,1024.25706,328.836308,284.145186,2079.91582,786.251138,2261.36705,777.873501,1077.51923,257.186933,1217.5687,694.452937,88.0636775,83.5196154,651.757857,1348.12662,277.620352,1267.8799,873.220598
Holy See,Import,Food Products,Import (US$ Thousand),,,,,,,,,,,,,194.085,109.332,54.467,1.238,,12.2268958,66.172,33.778,16.8146419,160.162395,114.373266,13.7375658,39.214,210.025,332.369394,57.67,48.5762255,308.46072,129.34925,18.5459888,35.13451,159.643586
"Iran, Islamic Rep.",Import,Food Products,Import (US$ Thousand),20414.425,26389.012,32654.365,39582.959,49913.234,39698.783,65204.756,93430.824,142282.033,156309.089,110996.902,177672.268,186777.653,119629.702,113356.818,115462.065,145372.005,123342.591,158641.197,199106.966,233538.725,132575.3,171511.455,203788.72,194499.493,201452.875,192699.783,207322.766,219527.099,259213.894,231743.328,213439.692,190393.642,243109.591
Ireland,Import,Food Products,Import (US$ Thousand),305207.119,425704.029,545030.797,884145.753,1128926.36,2981671.6,3117613.1,3724959.2,3814545.58,3736910.07,4201511,4228149.67,3623683.62,3794932.34,4273435.13,5439277.6,6142093.72,6592948.69,7468345.34,8469627.57,8934983.23,8299540.47,7888876.61,8515882.06,8000633.43,8413960.11,8985509.32,8848263.55,8729064.25,8704910.29,9137098.65,9384914.3,8799666.43,8559159.51
Lao PDR,Import,Food Products,Import (US$ Thousand),1.366,5.243,8,,1051.748,28,1108.498,1120.494,3835.004,3396.167,179.158,119.228,556.868025,643.31967,2889.63403,2364.97857,2768.54387,3544.01387,5746.72934,5627.27593,7544.35952,30442.837,32842.6252,46551.2232,76707.5266,59729.8587,120879.76,84438.217,98710.1269,97761.3689,105900.946,101675.853,101494.263,105361.581
Afghanistan,Import,Food Products,Import (US$ Thousand),22,2,18,494.693,160.292,31.111,291.124,3726.471,190.806,419.052,417.364,656.775,249.60042,98.61536,154.666185,354.699205,240.934154,704.701687,1663.02817,3228.19184,1368.78334,7150.34958,3338.80746,739.178212,1246.00691,1447.06094,3286.31781,1565.71925,1924.67695,3853.14064,4279.44547,21909.0494,5336.36857,12445.255
Azerbaijan,Import,Food Products,Import (US$ Thousand),,,,,174.076,2128.762,462.784,5688.53,33646.483,62184.778,68681.696,54194.567,50023.2716,28538.2241,25345.0606,22660.5307,27160.6678,46546.7399,69674.5585,101439.011,88675.2415,64815.7763,111524.102,107752.106,81764.3996,115096.452,111614.735,62051.1321,78281.8186,62447.3256,57237.518,73103.0475,62741.2556,77624.4902
Bosnia and Herzegovina,Import,Food Products,Import (US$ Thousand),,,,,10708.51,5950.866,1406.239,2610.307,16451.2,22523.104,26889.521,20183.427,14107.2052,20096.3809,32260.7674,36476.8853,59881.6744,57483.594,82785.3667,115876.241,142257.916,138025.456,151538.808,175262.868,168016.377,174608.738,167172.806,142965.976,154504.393,169512.214,174483.233,166378.283,181324.402,219830.296
Bouvet Island,Import,Food Products,Import (US$ Thousand),,,,,,,,,,,,,,,5836.168,5612.442,29.5198301,32.132,1829.799,179.25395,726.71701,192.795402,10451.386,943.474151,52.994,13.38,18.3275246,12.0160044,211.76566,2.74700889,0.68214038,11.5023531,142.021784,2.27815798
Cuba,Import,Food Products,Import (US$ Thousand),103580.078,317741.264,349492.723,343945.02,604928.397,338127.436,579706.149,687549.212,1253287.1,984547.218,897194.602,827789.293,719805.939,880902.546,784975.02,619098.169,699569.613,539466.186,661955.091,666745.436,816271.639,698786.567,740738.47,925680.296,959825.89,1005794.73,841721.395,815534.866,795817.049,1046328.07,683075.94,659114.988,606878.685,527726.383
East Timor,Import,Food Products,Import (US$ Thousand),,,,,,6.386,0.529,5.51,0.776,,58.095,,110.343,,18.776,0.686,120.85075,102.783,412.111278,278.231472,216.862,248.413399,135.291147,208.225,277.306649,43.5912884,300.52226,727.135552,414.09053,267.01434,117.660616,221.7435,187.593489,149.498445
Ethiopia(includes Eritrea),Import,Food Products,Import (US$ Thousand),705.072,349.526,557.462,1069.269,80.067,,,,,,,,,,,,,,,,,,,,,,,,,,,,,
German Democratic Republic,Import,Food Products,Import (US$ Thousand),3676.529,14493.154,15511.052,,,,,,,,,,,,,,,,,,,,,,,,,,,,,,,
Italy,Import,Food Products,Import (US$ Thousand),1518212.02,1771370.43,2340132.26,3215434.2,3890792.79,4075788.45,5738460.75,7368020.8,8305178.17,8099790.3,8599942.04,8798121.23,8037265.02,8410654.33,9581205.89,11444091,12944908.3,14049293.5,15219924.2,18163445.3,22029849.1,20381191.3,20587429.9,24027061.7,23831961.7,25946218.3,27182316.1,24469754.6,25742544.7,28498476.1,31952094.7,31981330.7,33313721.4,39063013.5
Japan,Import,Food Products,Import (US$ Thousand),86216.137,226825.808,261002.581,520285.886,638895.565,941851.381,1051721.1,1092112.72,1033848.35,1265489.06,1127362.55,1274417.52,1353614.35,1435493.45,1494999.87,1525505.69,1684366.51,1788399.96,1841191.55,1966534.02,2272512.6,2198608.18,2604364.64,2846183.62,2959820.16,2545794.91,2720101.41,2999698.64,3429194.38,3801732.52,4497912.73,4714156.9,4795419.21,6044972.49
Kiribati,Import,Food Products,Import (US$ Thousand),55,,17,,36.74,37.636,167.126,2.583,33.235,35.196,175.923,2.864,,107.052,22.593,134.046224,166.089756,187.38547,196.907436,491.229,508.182,520.099408,100.86222,514.11,517.978757,145.309969,75.079,0.08342775,3.12874013,266.680622,140.340069,223.198418,108.797567,6.83885475
Liberia,Import,Food Products,Import (US$ Thousand),560.813,2336,980,114,794.339,1642.867,516.066,339.92,18381.3,1129.711,3889.285,3952.574,3031.2453,1115.56739,1404.55219,7117.9733,1848.82479,3707.79584,1873.51897,2462.81432,12168.7008,11998.5625,9224.09775,31894.0254,25492.1669,19957.8106,26841.3096,39878.6664,103717.304,35145.1965,21407.1602,14054.1586,35478.3015,40953.1396
Mauritius,Import,Food Products,Import (US$ Thousand),18597.145,13514.36,22275.316,35688.072,35516.607,337941.752,377887.055,438155.684,472458.6,421456.605,449584.066,363378.856,268601.651,364871.632,392727.095,403905.172,485320.576,523302.664,574084.045,603687.237,670265.646,545078.488,562806.969,723901.255,815391.401,945749.438,803441.394,646653.237,656790.197,719966.857,625328.269,619710.385,534357.527,540087.955
Moldova,Import,Food Products,Import (US$ Thousand),,,,,12822.397,8679.281,53738.79,100146.934,579769.213,591778.033,438275.797,246177.967,250291.494,301674.188,280191.385,346358.808,378477.066,407005.513,284705.603,279707.324,312664.445,291892.697,317361.475,320711.785,373794.319,391042.895,348555.988,280841.017,294374.389,336638.005,326283.899,359508.424,372019.021,387351.252
Myanmar,Import,Food Products,Import (US$ Thousand),385.609,2842.348,1666.612,2772.626,9541.518,13602.675,13566.512,7218.384,12787.82,10308.31,12568.794,11479.248,17152.4012,24219.9108,22964.384,15871.2522,39005.5532,20223.1886,27292.7895,24434.5159,28697.0276,43962.9095,46454.8633,48033.6506,55964.6742,75582.4314,106575.821,82663.3652,90974.7916,132769.17,187513.163,185226.537,275767.534,365231.828
Netherlands,Import,Food Products,Import (US$ Thousand),2001116.9,2493439.52,3356450.14,4078567.04,5111064.53,5766566.16,9755931.45,13920051.4,14070261.6,13756705.8,14261483.1,14248778.9,12955477.8,13821188.5,15504801,17683545.8,19496288.2,20959311.3,22601014.3,27186204.6,31281165.3,29776766.8,30406367.9,35415261.8,33488421.4,35718470.5,35278877.3,30107218.5,31874208.6,33433588.1,36028267.2,35104964.6,36311946.7,40083967.3
Norfolk Island,Import,Food Products,Import (US$ Thousand),,,,,,,,,55.275,17.69,,96.374,363.958,2.499,,4.842,,7.086,81.1428976,124.85201,33.2380533,247.455238,30.4894311,2.629,63.9584463,8.24448096,0.14930914,1.07127914,164.291331,43.9147658,4.51796215,444.480157,150.296764,115.412638
Hungary,Import,Food Products,Import (US$ Thousand),112419.884,115512.548,177987.547,363536.584,379854.004,320437.965,427242.725,519670.099,808699.146,782196.007,795682.284,674513.159,646550.384,726245.31,825032.007,1025000.53,1230332.56,1428563.49,1656439.81,2049969.58,2714546.56,2350071.24,2430624.09,2938609.92,3158011.2,3606363.38,3698181.6,3245416.53,3493330.38,3814454.2,4373248.57,4484857.18,4785390.08,5551075.18
Iceland,Import,Food Products,Import (US$ Thousand),30627.671,50649.637,57479.22,53317.348,99303.1,205292.603,254844.751,338050.198,395717.522,395266.181,374437.189,319769.627,286628.016,312998.12,376446.707,374104.534,352622.377,303737.117,291352.536,315795.996,351064.672,265750.871,289653.475,301445.922,310819.281,343523.398,284178.748,372566.096,264978.489,358902.427,421685.172,333303.258,293364.363,343698.245
Iraq,Import,Food Products,Import (US$ Thousand),108.82,310.01,4209.132,11.499,475.737,,202.412,48.473,706.162,80.672,20.881,717.144,186.98153,1180.144,3485.82677,25878.8666,62425.3583,3088.06459,905.61743,1909.954,1479.26073,3003.81436,3675.39424,3684.89128,3074.48822,7282.88884,8755.38229,12617.2204,12527.3817,12699.4997,10061.5987,15839.2848,13541.8127,17050.7253
Martinique,Import,Food Products,Import (US$ Thousand),15680.941,18662.573,21920.809,20251.904,945.448,621.964,38708.854,42047.467,,,,,,,,,,,,,,,,,,,,,,,,,,
Morocco,Import,Food Products,Import (US$ Thousand),39663.848,46353.69,63186.342,87581.534,105744.411,128754.821,312661.217,387560.786,409911.451,370865.917,377015.367,379392.736,376528.05,418175.853,483111.679,580137.375,631407.394,607193.239,712225.183,799526.121,945759.977,975659.38,1024760.3,966724.672,1041598.02,1103294.85,1181947.19,1139783.77,1243916.85,1795959.19,1925912.65,1805965.87,1731333.06,2049306.17
Nauru,Import,Food Products,Import (US$ Thousand),,,,52.942,256.328,30.606,13.697,40.541,208.275,46.603,123.564,1124.472,386.899,757.06287,572.663632,830.557,24.768,33.659,56.376,126.186006,1142.58897,2.44234658,1.4611214,164.865617,74.2623192,54.305,182.71768,60.0910282,27.9308532,121.42979,27.4559237,62.153448,156.820228,152.94575
Netherlands Antilles,Import,Food Products,Import (US$ Thousand),617,596.739,685.25,808.173,2288.086,2145.394,2037.19,11214.309,14411.553,13553.904,23962.486,24683.96,21813.4142,14387.2177,16683.8702,28145.2099,22216.7221,26545.8594,40321.7121,40493.3593,38615.3372,31912.6312,26309.4912,,,,,,,,87.7227903,,,
Russian Federation,Import,Food Products,Import (US$ Thousand),,,,,213766.099,213585.998,256201.095,419690.01,492593.087,439590.299,470190.742,531941.466,539384.551,840584.546,883453.004,1109537.18,1436084.69,1693137.36,2043716.69,2798086.61,3348384.72,2802118.37,2604259.74,3620201.39,4436017.1,5029105.59,5098373.27,4168484.37,3919243.64,4955433.93,5756973.5,6556354.78,7131445.63,8598623.04
Saint Barthélemy,Import,Food Products,Import (US$ Thousand),,,,,,,,,,,,,,,,,,,,,,,,,,36.691,6.12628576,171.312592,499.139898,2014.20289,852.438448,361.511484,297.161935,1276.30177
Samoa,Import,Food Products,Import (US$ Thousand),1185.302,2885.257,3165.749,3001.256,3126.299,2359.444,1820.021,2388.387,2629.826,2588.608,1309.424,1948.371,1658.66178,1306.49077,2851.39513,3367.4246,3616.28096,5298.297,3216.785,3148.26883,6068.27946,2065.63001,2408.98577,2203.54795,2441.92636,2766.12252,4195.66024,5132.46654,5335.51416,5919.85445,8708.09608,11253.4124,5607.16724,6686.07664
San Marino,Import,Food Products,Import (US$ Thousand),,,,,,,,,,,,,20.43,123.234997,296.05352,837.674743,674.394984,197.970897,419.633358,651.557355,1097.75114,1397.59947,1963.74651,1703.26558,2799.30875,3807.26351,5472.89636,5190.94354,4269.95403,6383.48432,10945.2822,13410.5586,20967.0684,23772.8374
Slovak Republic,Import,Food Products,Import (US$ Thousand),,,,,,91076.783,111243.582,140180.659,144416.829,156502.669,167273.896,156890.666,168673.714,198272.787,271373.491,306847.976,426138.514,481850.528,575672.446,716757.877,841665.767,842277.626,888531.161,1154045.44,1237895.34,1262676.83,1341433.64,1134802.72,1152198.23,1258850.14,1377800.68,1405059.17,1478533.94,1733133.79
Special Categories,Import,Food Products,Import (US$ Thousand),1676.437,34343.95,44560.353,51749.081,55488.796,47805.712,55122.756,84805.028,80430.653,26913.536,36090.591,23052.162,19423.295,27730.054,22549.1971,32750.7591,9959.17784,18048.9582,1592.18185,1538.774,1812.979,1286.547,1604.85123,2221.66872,2890.17462,271.418654,5100.67959,2503.90092,1831.2623,6258.291,31711.8616,27803.9379,26435.5854,4210.32132
Turkmenistan,Import,Food Products,Import (US$ Thousand),,,,,349.31,330.306,61.296,6226.794,4344.843,5018.416,3707.037,1080.327,711.258,451.601414,423.805,417.13245,643.791437,694.588,537.767,1781.5666,3690.68042,1020.22311,14457.2507,19015.3725,204.349412,11558.1797,6947.04842,2671.70117,3333.13124,3541.88967,3161.76179,3347.25049,3066.90622,6917.74868
United Arab Emirates,Import,Food Products,Import (US$ Thousand),230.507,43899.519,54780.909,142312.538,220322.691,249271.76,271130.346,295647.509,315351.254,261330.801,448149.338,627941.594,684735.331,793349.446,854954.499,504630.554,919958.954,971166.404,1059680.03,1211358.32,1351765.66,1336147.25,3030746.98,2906179.8,2053569.58,3187363.46,3383562.56,2759434.23,3058246.58,3842385.53,3256457.45,2957398.71,2781052.83,3149423.67
Unspecified,Import,Food Products,Import (US$ Thousand),218803.444,269288.249,186460.677,126589.641,46434.435,81695.782,245379.996,248386.74,182104.02,227304.998,286462.958,291931.238,439406.635,448013.27,1035578.63,1013167.51,1340036.16,753900.802,932527.566,1487814.4,1622084.56,1662495.79,1221226.86,1375255.99,1213079.01,856754.927,1113810.04,925182.583,1177419.38,1076779.75,1206105.89,1137565.39,1036059.14,1424141.9
Vietnam,Import,Food Products,Import (US$ Thousand),5365.29,12598.36,14289.675,15760.582,31568.749,41999.025,68054.222,100741.93,135103.563,175788.283,177244.916,212492.393,309534.047,382709.506,477928.91,562634.677,675426.058,746426.476,886797.451,1033628.11,1323510.84,1337167.71,1689722.17,2137180.8,2381462.97,2791402.98,3492340.64,3573819.9,4121485.52,4820079.66,5531919.06,5766998.18,6338387.67,7034695.3
French Guiana,Import,Food Products,Import (US$ Thousand),,21,105.589,61,80.863,108.696,544.207,697.826,,,,,,,,,,,,,,,,,,,,,,,,,,
Georgia,Import,Food Products,Import (US$ Thousand),,,,,614.208,338.016,911.198,2528.535,22365.149,50991.51,48224.05,37155.493,63830.181,70230.7835,76843.5839,121077.784,132554.343,213651.438,156976.691,178379.284,177177.82,126959.503,164483.919,168153.555,241068.167,390874.84,513872.412,343799.654,338516.795,430392.731,502908.547,574511.324,559055.101,654511.941
Guadeloupe,Import,Food Products,Import (US$ Thousand),17042.296,10861.121,5604.384,663.271,4089.245,1605.557,46337.153,30989.897,,,,,,,,,,,,,,,,,,,,,,,,,,
Guam,Import,Food Products,Import (US$ Thousand),,,,,,,,,,,,,289.032,195.247,357.417,2045.196,2564.801,2661.42372,2184.878,2301.5527,3408.891,2846.59765,3206.60325,5222.59531,5379.33869,3792.3297,1678.26774,2137.8338,2730.15485,1317.37021,2654.12904,1336.53084,31.3604056,61.6609735
Guatemala,Import,Food Products,Import (US$ Thousand),5440.551,7459.325,37210.522,202618.675,197921.101,204828.664,312570.357,391301.449,460891.086,466903.675,577936.132,484750.144,444917.123,570695.766,567398.362,605893.534,642065.455,824858.699,854672.012,1092962.14,1048240.84,1475140.37,1677252.61,1871812.02,1892933.36,1767354.16,1879120.74,2042627.41,1951150.15,2062322.84,1831913.05,1862730.26,1897269.1,2053828.25
Guyana,Import,Food Products,Import (US$ Thousand),1763.37,3985.297,4415.886,4336.911,19723.104,129058.229,142413.481,156277.6,181301.413,156076.28,145042.839,152658.738,152322.959,134383.507,136200.688,162734.813,176439.544,156693.597,168226.975,197221.386,196052.8,157032.863,149298.133,179064.12,176944.246,173190.684,184296.549,150825.577,129846.289,149331.381,106615.405,96657.7874,95714.7646,83595.3398
Jordan,Import,Food Products,Import (US$ Thousand),25.701,76.131,41.457,1741.012,3820.372,3099.574,6999.868,14404.823,11767.93,11890.04,12794.945,10097.106,9413.51714,12327.3724,19066.4665,25816.3031,28772.7703,33697.6342,46518.5439,91964.8766,128110.819,125719.5,135493.982,126868.879,134491.17,181813.489,234189.528,221662.014,236344.727,327726.811,313807.01,361921.952,344197.144,388825.358
Kenya,Import,Food Products,Import (US$ Thousand),11881.023,17124.229,24941.655,41160.453,48488.629,53274.506,94519.94,116359.949,150542.455,142416.652,167275.657,150433.802,129616.19,133784.855,135861.987,161962.176,206523.588,230676.685,250286.812,307575.531,405286.259,347523.186,381331.772,512265.412,460688.193,415850.069,442656.445,457108.846,418844.555,422226.564,414020.992,417720.159,419881.346,345170.336
Lesotho,Import,Food Products,Import (US$ Thousand),,,,,,,,,,,,,191.346,263.43304,465.196,57.376,73.332,27.335,61.527,6718.13724,164.142217,17.2350803,5360.30523,9909.57405,11015.1698,9268.51284,6780.90422,4611.46691,7593.34068,6363.09471,4225.93976,5593.91085,5053.8371,5124.00489
Lithuania,Import,Food Products,Import (US$ Thousand),,,,,11347.464,13254.598,16166.371,28416.988,70563.667,96611.612,133860.219,115463.661,169287.205,214471.993,272616.343,363536.783,390264.296,489538.708,582678.151,778154.34,927457.85,1004106.6,1194637.94,1422553.05,1659006.01,2049877.26,1988217.91,1752025.44,1830190.61,2101027.95,2296776.8,2260444.26,2536655.35,2592389.84
Malta,Import,Food Products,Import (US$ Thousand),1228.237,1443.288,2619.586,7704.996,9224.191,5972.113,8774.443,9230.851,10781.285,6623.445,10415.492,13373.108,23888.5857,36803.7529,26796.3717,32005.3223,41972.248,42947.5395,46164.9232,54839.5226,68415.9438,74071.6139,86759.6989,80432.393,80056.7015,99703.7624,101281.096,109802.327,132297.68,97054.1375,105443.109,93552.5678,84956.4934,78990.2481
Mauritania,Import,Food Products,Import (US$ Thousand),490.862,22.822,603.515,9.214,416.644,987.906,1278.06,2089.787,4814.642,5850.784,7404.281,6807.802,6675.84816,10852.232,14364.6758,19190.3514,20655.8295,15208.4436,14746.3978,24252.6815,23727.9548,26673.6483,50042.5128,53317.1753,48992.9925,62252.404,90547.4205,82254.165,125097.21,537371.059,607655.684,541669.825,462458.761,513124.326
Nepal,Import,Food Products,Import (US$ Thousand),2758.218,4,1391.313,2360.431,3415.429,3438.157,3223.038,3604.333,5443.387,6581.129,6904.588,11107.918,14955.85,13831.4163,16057.0311,25093.5964,32027.644,40576.0203,28591.986,51139.0955,65344.9939,43670.2873,41725.6571,50726.0652,57670.6047,80516.4599,122683.688,113845.971,131581.495,122299.522,103511.487,84761.5553,74695.9283,116016.002
New Caledonia,Import,Food Products,Import (US$ Thousand),20.692,51.548,58.608,107.546,37.178,265.948,492.718,366.013,373.947,404.219,330.341,209.388,1006.65087,546.900274,2096.973,8601.14012,5027.92854,1298.77,1677.10527,1412.1581,1539.08116,1151.48179,1461.10279,1758.0221,1152.30595,1153.466,539.629745,771.972571,1512.93317,1954.28293,1297.35745,730.241714,603.818072,761.742783
Papua New Guinea,Import,Food Products,Import (US$ Thousand),32730.627,21081.95,21295.034,33838.934,57155.619,48418.687,48145.127,61269.373,59575.091,57766.777,75919.615,88606.64,74282.2146,70652.4614,104992.029,121459.641,133630.587,170114.769,152009.666,210697.227,280901.794,311845.159,290793.077,332196.927,312512.121,319711.036,286137.212,275983.253,296823.099,301944.502,334770.13,309140.512,357752.015,368199.799
Philippines,Import,Food Products,Import (US$ Thousand),143750.933,215219.645,245451.498,594639.32,636667.073,733320.511,744489.946,824490.396,878287.602,912501.673,897598.949,835503.41,697142.207,780419.971,879649.917,989950.813,1118557.06,1263389.81,1344126.77,1465876.18,1797613.71,1649831.53,1808107.31,2404847.05,2301421.57,2349517.87,2250530.69,2140804.09,2052808.41,2509631.41,2623257.46,2677873.69,2560343.46,2883677.28
Trinidad and Tobago,Import,Food Products,Import (US$ Thousand),1154.764,16273.359,8960.545,53577.586,108055.399,165270.925,155796.187,146961.408,201871.027,303769.262,288412.097,189845.51,184175.654,191815.971,194002.281,216084.111,215778.211,277178.802,313062.563,378134.062,487395.01,379512.286,308132.15,454184.921,338853.528,328736.77,324999.579,307108.059,322878.585,298041.616,305129.852,334541.472,323671.864,332550.413
Antigua and Barbuda,Import,Food Products,Import (US$ Thousand),19.239,218.232,78.313,73.35,782.409,11867.173,1469.757,2273.223,1713.089,2339.909,809.003,3440.015,994.398581,5845.73035,10634.3357,15281.4199,5166.7135,4498.78715,2973.00243,5012.5864,6574.41398,21143.9563,76984.6123,3871267.63,20791.1657,9309.58325,6669.98338,25199.9751,6862.31059,8809.73732,4891.02095,1919.01543,1000.288,2189.08966
"Bahamas, The",Import,Food Products,Import (US$ Thousand),2863.17,6004.113,15429.275,9831.01,23854.914,66315.077,46768.619,56487.947,95518.581,117138.338,148310.588,264855.933,314098.317,298018.584,353670.382,328530.931,308137.508,260120.226,287062.927,265543.215,272575.315,172369.563,26876.9618,22593.0785,22118.1152,18438.3697,15269.3122,13288.8372,15670.9969,13619.7008,17140.9827,15947.7189,6690.05214,9075.56049
Bhutan,Import,Food Products,Import (US$ Thousand),,21.678,54.182,13.744,47.872,137.815,547.422,2556.379,408.163,474.369,230.905,139.85,378.3,437.897,634.117727,7910.876,5210.71405,5175.36285,2056.94,2575.84841,1095.60677,2240.69891,1356.663,1043.129,800.803,2299.02883,4714.48249,6286.62161,5856.79591,8275.93069,12852.126,9790.35418,6524.98957,8538.29676
Burundi,Import,Food Products,Import (US$ Thousand),516.852,,315.301,257.082,917.486,2176.702,2792.612,33.311,1087.034,373.567,647.857,120.115,116.349403,653.574,809.779,506.101893,359.406683,548.252261,225.23529,1685.31048,3038.82302,1896.82348,136.489061,278.403417,95.8823305,511.603385,1162.5069,683.799811,853.333645,669.438825,446.322852,281.351342,838.418866,306.121422
Cape Verde,Import,Food Products,Import (US$ Thousand),71.687,39.926,25.375,9.887,35.462,46.11,59.813,191.787,633.869,991.249,351.067,119.239,188.824391,308.736873,138.595,303.361712,621.53196,683.935213,827.095324,885.753446,1394.4169,12421.4574,19202.1526,30356.9945,24404.4924,25992.96,33819.7818,27875.34,37277.0847,37088.6361,66015.8978,54011.3487,50193.052,57496.1414
Cayman Islands,Import,Food Products,Import (US$ Thousand),0.937,410.595,399.886,101.359,1162.962,1122.643,839.596,1725.75,1102.82,2237.531,588.313,464.347,278.992348,1166.5451,1492.79666,1493.82511,2133.21436,1759.91653,3252.26628,2149.10001,1113.86228,1551.1432,1549.99935,1014.57741,830.542393,1071.10157,6865.59051,897.612898,1548.63857,300.672763,1304.76099,712.77028,223.569378,829.241658
Central African Republic,Import,Food Products,Import (US$ Thousand),241.087,19.809,57.825,751.322,1284.659,1194.883,1022.72,3383.242,10990.549,14972.596,2705.822,4406.969,3659.757,740.459293,1443.704,184.621246,387.089295,532.62902,612.678611,1139.15825,1793.06293,486.35623,471.95067,817.837574,162.360145,248.458569,477.457411,2929.18164,687.797248,209.502412,142.074479,2121.06178,332.890981,972.920655
Chad,Import,Food Products,Import (US$ Thousand),,1357.467,,93.552,480.887,796.368,574.216,160.468,1493.83,5562.28,7073.76,6552.611,2115.127,711.114108,94.681,75.851858,156.655512,26.3807088,134.05963,259.193754,195.1494,262.164872,452.509288,204.264747,564.691709,847.056115,882.418375,13.4928229,203.093927,799.601675,517.512983,178.327948,215.95317,23.3353909
Czechoslovakia,Import,Food Products,Import (US$ Thousand),26065.93,38443.797,44365.074,91050.409,144354.462,,,,,,,,,,,,,,,,,,,,,,,,,,,,,
El Salvador,Import,Food Products,Import (US$ Thousand),1734.434,1710.208,3350.429,38026.865,36048.176,68962.21,106676.317,124750.705,132345.597,159264.244,214504.856,186597.315,131535.089,265443.494,223749.808,287428.567,295497.172,453695.714,376686.862,650016.034,702025.597,654136.09,653110.874,815505.907,868414.089,779019.028,796401.026,827161.506,771214.345,887534.658,822759.041,852509.309,825321.61,923804.68
Eswatini,Import,Food Products,Import (US$ Thousand),,,,,,,,,,,,,125022.356,160159.535,163597.507,190929.937,248453.511,258174.433,250904.738,293199.112,333208.916,300348.919,565650.884,530721.935,522122.231,568537.387,518261.303,481039.583,456295.756,473868.595,460963.683,585797.836,539771.01,589587.199
French Polynesia,Import,Food Products,Import (US$ Thousand),40.31,31.201,74.042,226.931,104.533,197.085,354.705,1487.611,593.726,4979.397,3264.951,3845.244,3220.07378,6729.29014,8698.85883,10358.5791,15568.2211,17819.9952,11959.7375,7639.78802,9087.33338,9582.07577,10925.2333,10523.9947,7512.07719,7116.66528,6319.75955,8600.27284,8806.82386,7702.27818,10803.0513,8428.3919,6218.42112,8538.36748
Haiti,Import,Food Products,Import (US$ Thousand),3283.513,2869.749,2210.224,7294.148,2949.083,2705.811,4082.34,6669.502,4753.465,6285.623,5919.472,4723.052,3377.29424,4196.9136,6850.82174,6950.83168,6184.17405,6030.4947,7541.26452,11375.0757,13663.6888,12312.8587,18860.8221,12134.4326,14120.4454,9783.06437,21748.7504,14437.0136,21364.408,14443.3698,14776.6431,19573.7916,18930.9255,16465.6376
Heard Island and McDonald Isla,Import,Food Products,Import (US$ Thousand),,,,,,,,,,,,,76.692,3.833,1.201,35.705,392.889572,75.617,,5.642,,140.844784,208.503,,,,,86.2303049,,,,,,
Honduras,Import,Food Products,Import (US$ Thousand),6578.851,4823.666,4994.93,38212.52,42892.467,56762.045,59282.878,78722.939,114287.617,167457.103,161581.457,135872.874,129965.968,196256.361,204451.164,213350.261,225716.415,281363.307,257929.777,311693.217,333144.875,345970.025,349039.755,415289.834,443634.211,474357.606,512804.675,507176.422,515967.258,553460.574,544293.054,594790.335,631429.644,822809.394
"Korea, Rep.",Import,Food Products,Import (US$ Thousand),440686.017,468577.616,511311.185,666762.563,643318.794,774552.057,892298.935,1044336.32,1173256.56,1126488.92,985497.779,1062542.58,1158589.66,1122361.49,1179294.88,1238270.7,1399897.33,1471143.22,1531069.11,1559635.7,1813131.95,2046536.08,2433711.62,3085613.53,3657076.73,3572488.45,3976175.01,4246717.34,4629745.68,5605298.26,6100528.03,6431610.85,7072470.21,7829655.93
Kyrgyz Republic,Import,Food Products,Import (US$ Thousand),,,,,23.125,497.839,396.131,3105.97,84445.486,63529.058,79953.288,69398.562,43614.3016,35817.23,27425.7507,28015.7609,41727.3644,36724.5239,26230.5264,32030.3228,26871.2055,29210.3679,36411.9968,31017.3542,24458.0187,25770.4189,31525.7611,21013.7937,19542.5735,26638.8411,43789.5881,37984.5813,45548.5472,57634.2423
Andorra,Import,Food Products,Import (US$ Thousand),3,3109.576,4009.832,3234.669,2868.889,3522.546,2832.817,2384.107,7524.411,2729.328,3068.224,3116.958,2130.87042,4129.29902,1814.24184,5482.81376,15326.9474,42063.7282,55395.1123,4097.73707,28826.398,20192.1266,21007.6418,195901.524,38336.1775,716.601627,924.190169,681.815639,540.970764,506.155403,809.073463,2698.75495,875.096982,9831.12428
Aruba,Import,Food Products,Import (US$ Thousand),79,,,,1134.716,177.293,388.803,2787.997,294.039,5625.089,1995.216,38620.65,48369.6061,29183.1671,21472.9841,16115.1619,13596.8109,21154.2408,22810.6421,29001.6503,6050.09096,12361.7,7969.04942,79402.7572,87086.5292,23839.8191,27216.0814,27117.5523,21434.1388,13617.6471,3842.19115,2856.17819,4034.61151,314.075962
Belize,Import,Food Products,Import (US$ Thousand),589.148,9021.921,11502.866,30792.673,61896.443,61865.446,65660.554,79847.033,91704.98,89902.183,97713.193,95432.085,83261.1047,81041.2486,69337.8916,84284.5089,86228.3051,81560.0629,96102.7287,103096.615,130869.537,119474.181,90536.2898,121436.594,135623.296,121086.767,128626.56,181620.113,215275.02,128647.386,115640.606,116832.028,106813.838,119674.647
Bonaire,Import,Food Products,Import (US$ Thousand),,,,,,,,,,,,,,,,,,,,,,,,,,0.01992122,0.11163068,4.60835024,2.43544428,19.8022464,34.0712841,159.113936,822.175972,1567.761
Br. Antr. Terr,Import,Food Products,Import (US$ Thousand),,,,37.503,,15.465,42.161,,25.58,74.716,18.171,,,,,,,,,,,,,,,,,,,2.18409,,0.95456,,
Bulgaria,Import,Food Products,Import (US$ Thousand),26156.765,43644.564,50802.201,97907.557,135928.134,170600.202,191987.329,283952.077,372313.236,344362.554,324838.005,308628.224,259466.208,247272.801,297108.535,345171.233,440388.061,496468.114,556528.322,678735.318,925579.912,954420.948,996310.705,1195658.93,1334560.3,1384396.27,1586737.23,1450519.1,1484655.12,1390476.22,1703025.09,1700995.88,1712592.84,2210213.07
Canada,Import,Food Products,Import (US$ Thousand),240529.486,262310.303,246579.727,2096465.57,2570633.35,3190107.14,3058586.19,3357203.55,3975608.33,4394824.53,4704184.48,5045600.19,5327038.93,5676840.46,6012679.8,6824837.7,7567156.61,7782874.09,8258615.53,8844046.01,9392898.86,8664828.92,9927652.01,11201972.8,11824075.1,12404580.9,12909415.5,13060728.7,13370173.2,14271896.1,15298574.6,16168931.5,16897294.6,19770408.6
Chile,Import,Food Products,Import (US$ Thousand),220780.858,311464.951,367603.614,539096.282,836979.709,792932.596,1064686.62,1354136.87,1598835.64,1726449.82,1668286.88,1567635.84,1650712.13,1796562.49,1820013.73,2017299.73,2365668.92,2652630.36,2831710.21,3520690.47,3951600.72,3998298.21,3917362.69,4294721.28,4387784.27,4529290.33,4426509.85,4313108.93,4171399.12,4691978.76,4684385.07,4354058.71,4339086.21,4509987.64
Curaçao,Import,Food Products,Import (US$ Thousand),,,,,,,,,,,,,,,,,,,,,,,293.635137,46443.2318,23294.7094,11434.6635,14574.3139,14452.5433,17102.9562,15229.1398,10503.5249,7118.82072,7166.38083,8996.52726
Cyprus,Import,Food Products,Import (US$ Thousand),6942.178,17403.684,30822.758,37355.389,48701.031,40016.247,50045.723,56516.646,76625.043,49843.977,39631.063,54726.639,48339.0321,47329.88,52125.4474,54531.7982,97760.2156,98352.6725,62813.9165,94367.7987,130042.834,111205.514,101020.554,154979.078,167510.408,232804.911,223267.454,181344.108,222620.62,198645.645,201927.896,165318.211,204027.674,281091.579
Fr. So. Ant. Tr,Import,Food Products,Import (US$ Thousand),,,,,,,,6.278,,75.294,,178.323,0.44342,346.187,1120.697,1421.66,24.2632305,0.375,5.903,38.756,224.626617,29.620232,32.8957315,8.85686214,72.697308,33.27,295.554037,23.0385427,10.5986844,31.0000771,50.8828578,218.489247,402.227963,46.9535918
Gabon,Import,Food Products,Import (US$ Thousand),1080.599,460.753,109.5,4189.254,6840.974,1395.267,1660.563,2209.077,2976.536,2549.232,1757.492,1573.685,1923.97052,4838.18079,2876.12611,741.354978,4324.40509,6713.8662,8002.82421,26585.6849,25659.5393,37520.432,29706.6549,26008.7583,23332.0472,18073.9966,12286.0108,8450.68912,5773.35283,4558.17564,4985.29597,2751.81328,2700.72046,2675.90471
Greece,Import,Food Products,Import (US$ Thousand),224125.916,286387.63,387477.839,630916.774,735756.858,743208.775,977335.469,1102677.94,1294094.7,1175711.79,1201247.07,1261231.19,1078868.91,1139491.46,1278856.76,1342467.49,1434748.96,1624090.46,1816400.52,2140185.31,2513046.75,2323437.86,2286036.59,2493102.12,2382968.16,2436376.23,2470315.33,2361040.1,2704949.79,2712459.69,2926872.65,3271316.41,3441271.21,4108282.43
Guinea-Bissau,Import,Food Products,Import (US$ Thousand),,,5,,63,,,61.737,1504.098,1337.826,2680.925,1022.244,287.506781,40.6144242,71.487,1124.19888,182.880948,41.2393799,219.212069,63.2851109,1061.46557,701.565047,67.8115945,181.909504,43.913,7214.02837,335.833985,77.8515,7.346127,3.89495186,61.3622444,31.1076123,15.3560327,54.1198377
Israel,Import,Food Products,Import (US$ Thousand),70118.284,108773.774,209326.675,160085.348,178543.03,256121.533,326668.291,363115.484,401570.03,362525.372,373071.135,361483.756,359460.939,360102.093,380855.263,450056.236,495508.445,557196.948,623738.523,1020458.84,1065563.05,971748.82,1048309.01,1152544.83,1212389.91,1226980.26,1303326.79,1167068.04,1160404.22,1262226.04,1366918.16,1381262.81,1375584.52,1712854.3
Madagascar,Import,Food Products,Import (US$ Thousand),1152.861,1542.754,896.191,5759.935,10635.733,10939.367,49493.718,48824.609,77176.638,57580.803,55411.518,59151.896,46949.3569,49672.255,55676.3947,80845.0218,92242.9073,79283.0759,88382.5073,79304.7544,74727.996,96495.9472,95036.8016,100674.507,122274.28,157910.143,138056.606,108448.171,92190.4476,139802.506,141148.303,128948.9,144160.553,149345.464
Mali,Import,Food Products,Import (US$ Thousand),10.894,41.125,250.483,233.986,147.368,264.991,935.451,705.375,1292.257,2848.719,1816.177,434.412,1847.19522,4659.48299,6564.88701,983.80597,1747.3764,1875.4906,2552.17366,1522.96717,1181.9072,2594.64295,1750.25679,2055.89315,4214.57379,4797.11833,7823.02051,7822.31028,9105.72944,9566.20517,14544.911,37747.4731,24482.0379,22699.7979
Anguila,Import,Food Products,Import (US$ Thousand),,,50.097,34.829,21,,6.618,7.334,111.363,484.995,1586.729,1894.143,738.309935,558.431,431.827,3395.286,946.606,4063.94615,4002.033,4012.73754,4923.24656,7308.89839,2107.76038,2163.85557,2599.14931,1865.60456,3061.72709,4705.88933,2755.63847,3563.2352,2516.06124,1921.56718,805.106225,553.077357
Belarus,Import,Food Products,Import (US$ Thousand),,,,,2230.49,10853.702,13128.156,19257.546,20512.12,13439.378,12736.245,9873.518,28306.828,48728.6957,9617.03659,23886.9533,24777.7472,80995.3926,57288.5738,81773.1449,168753.887,151464.595,196145.619,201062.05,439618.234,659141.914,938733.087,703458.353,741368.342,1048626.53,1199472.78,1138305.8,1264900.68,1501186.65
Botswana,Import,Food Products,Import (US$ Thousand),,,,,,,,,,,,,2432.64955,1719.46101,28047.2869,1574.95638,2511.00509,2791.47959,5690.31473,6379.02124,14438.941,26292.4109,60060.6543,40369.0478,38399.1759,23385.7507,22875.8002,10139.7337,7542.52973,7179.29563,6531.42993,5695.48508,7605.65217,10556.6903
Costa Rica,Import,Food Products,Import (US$ Thousand),3833.373,5315.136,10700.415,66169.319,88691.639,117809.817,168058.302,214626.642,257786.838,283897.8,351702.573,340429.414,328956.478,381936.271,409456.188,476100.825,594123.332,665277.114,614484.348,935911.402,971101.368,1051096.06,1014164.95,1084207.38,1196579.45,1160860.21,1226134.5,1294457.16,1399006,1408935.91,1410641.45,1387941.94,1438611.27,1710131.55
Eritrea,Import,Food Products,Import (US$ Thousand),,,,,,34.961,257.861,137.099,1.584,1169.249,7.155,104.874,240.10296,219.871,111.251,479.935635,435.525241,409.140663,93.9243885,1790.70768,302.215385,316.123937,136.26839,94.184233,298.711156,248.366551,92.4906074,137.72311,97.1666147,242.248668,1447.61347,1507.33931,601.834677,645.283494
Falkland Island,Import,Food Products,Import (US$ Thousand),,,,31.257,128.36,18.616,27.243,48.431,233.492,187.848,1165.587,3603.992,37.965,,1.38,42.9503378,56.423853,1,3.79503517,294.874,6.38887067,95.5221135,287.586867,5.1056,312.873802,115.958725,5.38290464,85.9171714,119.58293,207.921363,44.8653892,23.3504219,47.8175951,95.9824009
Fiji,Import,Food Products,Import (US$ Thousand),17052.035,69127.676,66293.778,80190.633,79514.251,203358.988,222071.875,259126.509,257531.879,174879.042,154279.425,195725.562,164083.464,183299.968,183157.324,246452.906,278135.195,327687.079,346388.892,336693.112,366637.039,321401.055,287957.235,307849.378,289493.281,312841.529,360943.428,351916.456,323661.878,419626.003,360454.5,366618.432,365026.104,387223.042
Greenland,Import,Food Products,Import (US$ Thousand),9504.334,88616.641,120655.19,82230.112,104161.891,86751.082,115823.517,104450.506,122037.261,99239.993,87780.422,86588.39,73770.0851,80170.0607,90251.9026,86446.5408,114142.401,143016.688,130514.547,146525.686,177400.685,143036.712,136402.402,149608.812,165762.5,165056.58,152492.343,135956.738,118953.827,133343.408,154559.91,198737.412,217323.676,204524.706
Indonesia,Import,Food Products,Import (US$ Thousand),171261.53,235936.078,264600.742,532592.912,710682.93,746560.201,1042877.53,1157272.58,1368021.87,1620990.37,1530214.64,1525084.78,1428905.2,1548219.5,1926661.11,2398633.07,2549430.82,2707177.31,2960408.04,3423365.68,4594008.8,4088959.16,4965268.49,5192461.4,5367792.24,6001435.16,6734259.66,6438503.14,6524033.08,7453815.34,8928719.8,9134244.87,9451774.7,11121891.2
Kazakhstan,Import,Food Products,Import (US$ Thousand),,,,,1508.924,3459.168,7371.195,11335.282,66538.775,64249.638,37633.341,24747.389,38670.3141,47480.67,42356.1212,86096.0517,104920.446,118875.405,128614.352,99129.6881,122652.633,85562.394,111533.595,115790.54,152617.422,229464.797,257911.201,210098.206,309736.156,339379.281,383754.343,399456.044,423352.33,469265.476
Libya,Import,Food Products,Import (US$ Thousand),122.072,0.704,49,32.69,69.937,35.024,911.579,6410.151,1990.17,523.489,347.477,232.189,2910.79231,619.548485,277.871362,2571.17061,395.634772,1343.85457,768.418178,4163.30717,45995.0228,2314.56428,1542.83867,2489.21963,2577.43933,2832.38284,1969.50358,6282.57764,2391.786,1484.00213,940.239454,1630.83467,1444.71581,1465.24807
Luxembourg,Import,Food Products,Import (US$ Thousand),,,,,,,,,,,,118792.627,167558.841,192441.548,209336.639,258403.081,366852.133,471436.044,448700.626,486723.974,539086.138,559173.332,567082.512,636573.573,539334.3,583680.906,713550.584,717101.971,635005.629,580754.036,576267.695,499087.765,711061.411,784569.766
Malaysia,Import,Food Products,Import (US$ Thousand),170826.076,501160.633,517256.656,673276.588,836574.343,885115.389,1022613.47,1057063.71,1107578.92,1077501.87,895117.065,954594.056,1052143.53,1222109.89,1330063.55,1556232.08,1895149.52,1982527.78,2300766.74,2945537.91,3589472.76,3229134.12,4148374.69,5125241.6,5292998.45,5502405.52,5736067.27,5216346.64,5529760.4,6909780.94,5924897.75,6126696.49,6145132.21,6747325.32
Mongolia,Import,Food Products,Import (US$ Thousand),9.38,444.382,78.183,51.852,164.293,38.997,353.91,2998.194,2658.896,1161.129,2852.162,1825.878,401.438,369.115897,401.909133,124.2661,307.785,731.662142,714.521428,1041.13825,1052.00792,1610.6929,3118.68859,2739.82286,2466.53035,5438.7972,5505.90523,4336.88032,6213.17627,11139.3942,76288.2096,53168.5474,58245.542,49828.2205
Montserrat,Import,Food Products,Import (US$ Thousand),,76.473,159.185,186.697,91.506,,15.768,115.875,90.278,43.855,36.933,1.361,58.882,1032.22903,3.29146736,252.124,234.776688,14.065,127.931569,36.007,28.307,240.318146,1.977,3.367,6.50229241,38.6771442,79.470821,9.79195079,11.3193714,27.7546403,58.9518622,292.495161,153.525031,107.598147
North Macedonia,Import,Food Products,Import (US$ Thousand),,,,,,78603.469,81503.646,92402.783,118696.546,148993.221,152141.556,132991.244,103983.176,114448.434,132648.029,96962.4709,174978.639,193063.539,268689.635,326238.436,334697.22,352246.369,311496.48,374685.403,384016.233,412174.816,443874.008,369585.812,357352.656,397245.539,446360.756,420192.862,490942.515,532753.007
Northern Mariana Islands,Import,Food Products,Import (US$ Thousand),,,,,,14.085,7.22,,,25.648,0.888,2.199,81.778,,10.9,344.459,804.427,677.486,865.366,523.623,624.582596,616.236536,505.168727,938.086392,955.662433,812.398,254.125,103.852114,115.692,28.8359867,4.78735909,34.4502721,28.8939593,48.821269
United States,Import,Food Products,Import (US$ Thousand),3209581.89,5977252.82,7395438.98,8727168.13,10746877.1,13158001.1,15703913.4,17540545.4,19378603.8,20938272.1,20494207.3,19718962.6,20696317.7,21232574,20763341,21761038.6,22777138.5,23865893.6,25711523.9,28545670.7,32138566.4,29539141.2,34183228.5,39751770,43882551.6,47473316.8,47977114.7,47260618.4,45302255.7,46023739,49338344.4,48093358.5,47518733.3,53358237.6
Western Sahara,Import,Food Products,Import (US$ Thousand),,,,,2896.852,2555.067,16156.454,,,20.979,,,52.754,19.73,,1205.60179,0.3506375,6.612,26.373,,164.48836,22.5747644,0.51706755,,4.112,0.69862722,35.85341,37.0872583,9.97481362,,61.32732,0.67316,0.1142,4.21269918
"Yugoslavia,FR(Serbia/Montenegr",Import,Food Products,Import (US$ Thousand),91020.059,88377.71,119513.729,265373.693,,,,,,,,,,,,,,,,,,,,,,,,,,,,,,
Wallis and Futura Isl.,Import,Food Products,Import (US$ Thousand),3,,,,,,,82.169,,3.635,,1.427,0.87,24.49,1.268,6.109,8.382,1.028,106.23,46.963,138.358945,71.2019354,42.3465675,4.56545883,,,2.871,9.6596707,2.90556593,0.31887938,,0.042417,10.56206,25.974
Yemen,Import,Food Products,Import (US$ Thousand),,1,,540.293,1180.469,2162.982,2697.756,1831.71,871.279,824.315,1771.753,2738.047,7885.82408,16187.1573,14700.4097,20688.1644,16141.8144,22158.4056,30059.5657,34327.3053,35284.0231,32899.7588,34825.0555,52941.1203,55220.1811,43671.2458,51059.2554,30013.7316,24452.3844,31126.6451,37687.5219,32779.8203,44316.5875,46369.2267
Yemen Democratic,Import,Food Products,Import (US$ Thousand),,0.553,,,,,,,,,,,,,,,,,,,,,,,,,,,,,,,,
Venezuela,Import,Food Products,Import (US$ Thousand),9034.094,10035.804,19444.507,53634.231,71407.191,97104.42,132896.796,194856.892,217856.417,245378.179,241923.762,243839.295,225768.864,241463.794,236083.729,235552.15,249708.351,272173.064,315307.284,274048.629,274144.221,148750.109,134046.714,124141.701,98376.8672,86277.5929,100623.601,112843.186,110781.269,130049.128,163959.945,188736.681,162156.632,248316.118
Latvia,Import,Food Products,Import (US$ Thousand),,,,,4669.443,8752.734,14901.565,49792.15,88767.666,112636.025,95398.867,63564.564,63765.1948,114716.495,148978.678,150760.302,211388.416,259420.936,329443.094,446337.87,469308.818,423685.115,418462.428,617254.326,659015.615,743252.929,952780.88,642403.465,712440.346,760192.484,860526.286,931260.13,1034084.25,1068175.41
Malawi,Import,Food Products,Import (US$ Thousand),75084.887,86291.757,115417.538,252277.251,303530.226,237390.84,284047.292,288740.185,330159.879,445530.195,338249.135,377122.59,327840.678,352680.169,360436.569,403443.128,342783.948,464938.946,419422.887,553566.092,546527.541,687164.997,672450.705,653587.697,657673.606,604152.268,631382.621,603957.634,591487.067,528553.313,603046.01,621745.453,525822.255,560533.948
"Other Asia, nes",Import,Food Products,Import (US$ Thousand),574456.184,705671.256,591892.553,856433.706,866056.574,949156.114,814896.755,729969.661,647181.317,555200.935,461285.762,450199.834,565115.212,550619.197,538197.812,525582.393,581675.163,553062.646,560616.741,615755.704,710578.915,719994.82,951878.913,1094543.86,1245112.9,1355170.24,1451704.02,1575803.79,1642832.98,1721094.84,2014806.89,2218937.8,2217355.07,2777685.21
Paraguay,Import,Food Products,Import (US$ Thousand),927.595,7048.57,11858.988,15172.772,71334.157,38983.534,90609.557,139477.002,153991.842,162755.946,115002.492,95085.3,105310.37,138618.847,180060.223,223276.327,266297.84,215646.307,236728.428,308752.916,485303.017,475535.84,531180.051,628676.286,508166.88,1072731.42,1590510.88,974454.318,1131753.91,994613.929,1161103.93,1011173.76,940959.545,1106158.03
Romania,Import,Food Products,Import (US$ Thousand),19029.713,17871.611,10250.308,20193.765,30863.861,34533.382,55296.212,62904.05,98167.25,101858.718,100390.088,79530.8,86573.9474,90583.2447,99279.0223,116752.575,189687.853,194617.88,228439.537,435670.822,719915.818,855628.844,1055317.38,1465837.98,1361044.89,1526992.12,1834168.85,1823255.78,1682779.2,1760451.22,2281150.88,2509174.34,2727360.48,3212859.81
Saint Maarten (Dutch part),Import,Food Products,Import (US$ Thousand),,,,,,,,,,,,,,,,,,,,,,,,577.286,79.646,1938.25157,1963.21638,546.470315,293.768616,1129.02019,1479.87992,1825.45735,374.20874,827.118249
Solomon Islands,Import,Food Products,Import (US$ Thousand),4528.025,4023.897,4292.658,5051.663,6718.517,9280.135,10572.592,18366.224,14392.05,19191.277,24386.037,24177.219,16694.861,4421.339,12262.376,15529.701,15317.2401,18987.0211,20179.7164,25270.1521,27136.1942,27688.3392,30791.667,46584.9268,43451.7813,46549.302,66285.605,68694.713,56114.6102,63036.8954,86916.1382,81217.0797,74044.836,67769.9063
South Georgia and the South Sa,Import,Food Products,Import (US$ Thousand),,,,,,,,,,,,,,,,,,48.5413966,7.63873124,4260.56793,378.448471,56.3128829,59.2255608,9.745,,7.104,,54.236,68.7215122,179.933935,48.8203716,15.9587974,49.214323,3.2906967
Suriname,Import,Food Products,Import (US$ Thousand),7,26,111.687,1,221.696,157.47,288.231,533.149,2054.084,4417.165,10075.118,1922.692,2374.88445,2796.32538,1848.52093,2590.0779,2470.45963,1567.81664,8117.97297,19701.9941,9129.15846,6450.14617,6399.72231,8713.35663,7368.55259,8759.58868,8799.78625,9211.3936,12408.4691,25538.5658,12809.2078,18188.1067,13645.897,10023.9043
Tajikistan,Import,Food Products,Import (US$ Thousand),,,,,57.823,5.007,43.892,5287.591,15001.967,14893.371,12796.273,20189.309,14837.738,11012.94,13287.6152,9468.281,7453.55969,7386.767,7350.0764,7131.911,8040.818,6751.401,5312.821,4872.61072,3666.25085,3709.1379,4081.12122,3304.31199,5333.17493,7868.77065,3232.75669,3524.87884,6818.97338,6442.27789
Thailand,Import,Food Products,Import (US$ Thousand),580993.232,1154551.86,1290174.5,2369540.68,2839381.97,2883498.1,3501884.4,4063444.94,4710854.47,4543497.74,4139946.61,4441090.85,4470660.76,4680641.05,5002149.06,6005779.02,6384241.11,7027143.83,7743895.98,9124723.46,11426402.3,11318299.6,13267232.8,17058568.3,16712999.6,15850428.8,16418691.7,16141143.7,16226105.9,17494592.9,19302932,19135145.6,18478142.8,19102137.4
Togo,Import,Food Products,Import (US$ Thousand),4642.208,8275.24,4811.472,3800.46,3493.116,3139.553,12947.213,10195.412,16092.64,18578.14,14088.015,16405.283,13374.5202,14280.3789,20698.6266,25380.8423,52957.695,110415.158,141311.521,180757.964,275784.209,313184.373,250336.919,453190.076,106098.672,78925.7377,73581.302,59256.8745,54651.477,50277.7991,50682.8871,69924.8268,54542.6541,65673.6041
Vanuatu,Import,Food Products,Import (US$ Thousand),73,318.699,153.102,75.097,155.663,2186.864,2568.221,3859.28,1958.845,1729.156,1898.427,2382.41,2029.818,743.006065,3832.12409,4029.56432,4992.56023,3398.67416,4137.04158,6547.19259,3786.00083,3701.64998,5948.66143,3819.51459,6029.93122,6512.53868,5848.08111,5271.90529,5255.61097,7651.24626,3969.36314,6211.32064,6711.6515,3056.93015
Oman,Import,Food Products,Import (US$ Thousand),43.256,85.023,134.604,1486.27,1808.638,1693.033,3026.142,4473.01,7422.496,3099.772,12194.151,13048.129,21555.9697,28536.7304,33257.0951,41181.3872,41209.621,56321.2167,58742.1063,63222.2135,95486.8963,134751.038,129875.836,143845.96,169989.366,246521.094,227333.719,254889.681,451933.089,339640.79,311413.41,295617.016,356877.193,394009.472
Pakistan,Import,Food Products,Import (US$ Thousand),20131.98,35971.378,40976.803,38352.477,82134.607,99738.39,172886.393,256214.309,129212.48,140553.178,335437.092,218144.665,124643.525,188895.509,162419.315,169719.221,235705.418,161909.101,232797.962,254541.933,604986.501,460700.524,410890.912,617709.448,711932.2,998053.292,851477.415,710944.447,606085.152,1224086.46,1456684.98,982352.579,712859.21,901327.959
Saudi Arabia,Import,Food Products,Import (US$ Thousand),3472.299,8905.151,20815.4,53586.532,101032.285,102703.63,107444.971,130477.231,136289.882,140395.203,137351.837,133240.737,229007.742,265876.698,319838.098,345518.231,413374.948,418794.048,617420.359,773387.384,1342403.87,868174.287,1156225.17,1083566.2,1117055.81,1338714.28,1519586.44,1553237.62,1391134.37,1304957.75,1224193.72,1245612.82,1185273.04,1223087.39
Senegal,Import,Food Products,Import (US$ Thousand),8137.048,6797.936,9766.664,8329.82,6263.665,11517.79,75021.085,75057.138,77103.817,67321.814,74863.74,50227.518,52806.6057,57561.316,57947.9313,86528.1762,77720.0622,57687.061,64874.6221,87296.0227,66307.2266,65942.2282,97442.7904,113250.869,113978.604,111978.503,122102.264,107868.963,151176.088,230882.82,295701.18,289830.184,181705.398,244308.033
"Serbia, FR(Serbia/Montenegro)",Import,Food Products,Import (US$ Thousand),,,,,160564.632,4872.686,41781.339,55494.787,50168.99,65604.788,72646.381,61223.036,63929.9672,67317.8903,169796.276,184655.871,364518.568,437510.836,553480.097,711450.102,856739.967,762891.423,860723.726,967209.401,973733.988,1163149.62,1367754.89,1418963.81,1741921.82,1791295.01,1919119.9,1899108.85,1988343.04,2577778.15
Somalia,Import,Food Products,Import (US$ Thousand),401.266,44.451,510.802,157.917,85.572,76.118,42.771,75.448,38.237,43.603,1783.15,162.61,364.10296,2604.72392,4510.89303,2534.96056,191.131337,13860.7349,2306.19887,1304.435,506.803084,668.337111,259.61947,311.290054,433.172323,132.768589,306.765547,1315.13885,281.698198,376.247698,937.984388,774.603528,751.742567,2464.33947
Soviet Union,Import,Food Products,Import (US$ Thousand),107564.857,125764.23,147289.789,194910.76,,,,,,,,,,,,,,,,,,,,,,,,,,,,,,
Spain,Import,Food Products,Import (US$ Thousand),398657.192,535300.595,722353.29,1220259.14,1632040.53,1507937.34,2921623.74,3760811.42,4131831.95,4365081.33,4910442.69,4977719.63,4775997.07,4964026.1,5545500.19,6870610.45,7744096.4,8236989.74,9132721.84,10839274.6,12313675.8,11515413.8,11818408.6,14231428.7,14219508.2,15437035.7,15794613.9,14114065.7,14432440.1,16240033.4,17953017.7,17583410.9,18196284.7,20899509.7
St. Kitts and Nevis,Import,Food Products,Import (US$ Thousand),,,,130.882,4083.396,13728.863,11939.216,14670.327,11198.148,18320.803,12526.185,10721.99,10668.551,11070.1352,11365.0947,10096.4476,10577.3935,7956.9483,1985.29228,2436.72199,3203.06841,7443.39625,3048.19734,3217.34968,4794.03276,3628.65319,4887.79466,4076.13716,2732.93402,2976.53905,5274.05071,5388.7083,5918.01611,5397.53456
Tanzania,Import,Food Products,Import (US$ Thousand),3685.251,8037.168,8157.457,7391.027,21999.425,39928.208,40105.87,44307.954,64252.357,91688.066,82224.731,91568.02,71057.152,66569.2481,84674.0175,106604.874,126956.634,144458.262,186305.582,236558.288,231655.231,256880.768,305072.16,386746.341,418884.801,500600.401,471688.56,490479.129,468814.409,427955.596,447686.837,390274.58,346976.834,332746.42
United Kingdom,Import,Food Products,Import (US$ Thousand),896777.933,1942449.07,2624599.57,3546187.7,5640962.04,5892060.53,7646729.88,9313279.71,10186342.3,10467990.2,9932676.41,10032571,9706253.94,9830172.73,10155652.2,11055007.1,11889792.8,12445677.8,13399736.9,17675455.9,19033753.1,16710539.4,15707134.8,18935183.2,18825482.8,20871844.5,20770660.6,18967328.5,19113851.1,20492612.1,21772297.6,21332013,19395060.9,19745101.4
Zambia,Import,Food Products,Import (US$ Thousand),2569.032,3531.16,5910.123,5766.919,9866.444,7647.892,14941.251,19655.159,19308.097,43992.42,34349.288,26016.885,28631.761,48465.0952,46358.8938,71302.6511,90624.1486,133247.631,164459.643,199527.468,221038.069,249490.341,305674.855,377276.468,351494.22,515600.448,397869.166,332965.568,323874.373,362167.216,349122.205,301312.273,277082.387,317192.917
Macao,Import,Food Products,Import (US$ Thousand),153.386,363.91,242.149,784.091,1874.598,12315.113,15403.92,14633.114,6601.22,11051.278,16972.485,8599,9060.26876,8574.9372,9694.83505,8018.96416,9539.97319,12474.6082,20328.3248,17244.9252,29490.6762,19426.7187,33417.0565,40518.5646,60594.2648,61620.5566,87399.969,76572.2167,89307.3242,103800.405,83421.2611,82913.1704,45122.6321,60341.6074
Maldives,Import,Food Products,Import (US$ Thousand),2520.892,3095.085,4286.869,4320.32,3895.594,14969.044,17779.388,18878.926,17106.466,17557.19,22459.05,10023.134,13132.4924,11842.1106,13488.2313,14308.9947,18820.5634,20789.442,18948.3996,20191.5303,13093.3314,11123.9487,7723.45842,11540.3063,13291.6172,18278.4447,14576.1422,15647.0307,17991.1719,29535.7042,42375.8704,39645.2646,34414.3857,37022.207
Mexico,Import,Food Products,Import (US$ Thousand),62321.139,85939.38,93593.208,706077.582,724174.298,831745.276,1044632.79,1422104.77,1853094.53,2132148.45,2430762.36,2536093.01,2740747.1,3083369.96,3660442.3,3851458.8,4251783.05,5053911.98,6236035.08,6649300.48,7177826.58,7313219.5,8450438.75,9877365.2,9684970.67,10792841,11624578.5,12124210.4,12890733.5,14056616.9,15550313.9,17010099.8,17819338.6,21190258.7
"Micronesia, Fed. Sts.",Import,Food Products,Import (US$ Thousand),,,,,1.91,,48.59,106.506,77.863,51.829,145.653,23.806,49.24,34.202,18.67099,152.62863,164.69785,116.47927,66.2782427,171.91012,49.8587143,178.848857,251.440922,117.341049,66.0125819,58.316,19.691,4.32249055,23.6248214,72.0116396,324.504463,314.731315,158.072538,81.1287778
Mozambique,Import,Food Products,Import (US$ Thousand),241.483,1955.994,15048.863,12172.052,13566.317,9885.62,28135.171,39120.13,32966.214,24584.068,20516.563,8560.916,47357.845,48370.9868,66333.7172,92693.2754,106479.646,138519.201,196297.631,244894.666,239156.399,232521.507,272620.645,405039.715,429463.57,468034.675,502781.475,426310.563,408177.547,380951.521,378705.436,420156.909,440678.615,381363.487
Niue,Import,Food Products,Import (US$ Thousand),,,,,1.715,,,,,13,1949.749,57.016,1468.8876,1649.15772,609.349,256.36,27.292,6.63,9.37524837,148.833,297.469181,509.395896,768.46472,222.421522,168.501707,130.223069,314.65005,416.482377,225.658792,161.639466,241.169589,688.788449,110.679686,218.502737
Palau,Import,Food Products,Import (US$ Thousand),,,,,,,244.285,694.151,483.11,627.781,202.53,2714.893,134.681,,,56.398,101.512,412.966,237.255232,362.939,541.539,172.143,241.140111,269.881,541.589458,155.815,143.360152,53.6119927,45.5517526,29.4031482,69.7399202,138.865368,0.2303,24.8673234
Panama,Import,Food Products,Import (US$ Thousand),4310.472,5580.938,8228.168,47453.032,88108.462,69923.586,58497.174,56055.185,64889.921,69743.231,71565.91,78663.07,77310.998,85062.371,84260.8547,100268.413,101839.96,113551.614,114355.245,103131.688,108018.403,110169.402,121325.792,171633.522,189005.721,199894.827,212289.442,201049.218,204343.051,202003.093,180248.192,208191.785,195601.577,214620.11
Saint Pierre and Miquelon,Import,Food Products,Import (US$ Thousand),89,486.953,13.537,136.139,144.626,84.41,318.597,166.54,1269.256,103.068,250.425,1015.77,158.64,17.05442,82.589,0.015,246.111493,113.08,144.019012,287.425444,154.388393,117.098252,543.078975,31.063,148.384027,14.6670571,32.2814843,2.906782,27.5909735,677.497584,4562.51149,6112.16283,4594.81702,6929.28335
Sri Lanka,Import,Food Products,Import (US$ Thousand),12818.078,20339.558,23069.723,22311.593,73015.908,69793.017,86435.484,86720.378,78555.708,78879.145,72779.307,78685.686,69274.255,75467.5939,77914.4094,85985.9962,111465.552,101894.757,129969.005,151685.271,203564.891,188331.741,217871.336,254048.639,267583.622,278289.511,267027.597,293515.775,307648.488,386524.532,511184.232,498796.324,505565.609,651938.016
St. Vincent and the Grenadines,Import,Food Products,Import (US$ Thousand),,,1,223.248,1380.004,1933.742,1907.249,1944.249,1566.088,3545.723,2535.861,3583.316,4994.80986,2865.739,5175.47298,2565.23352,3360.30159,3586.75262,4907.3071,7072.72672,3332.42821,7592.29322,4783.1615,6982.18704,9156.73112,9948.04484,10279.0503,11048.2877,9562.20705,9855.31349,8366.15181,6813.99461,5542.06853,3441.62344
Sudan,Import,Food Products,Import (US$ Thousand),,,,,,,,,,,,,,,,,,,,,,,,19.3072789,73906.8413,137651.164,171424.739,123930.022,95730.1751,89335.5581,119877.16,60419.7449,81533.5455,113107.769
Tonga,Import,Food Products,Import (US$ Thousand),6.452,29.894,70.244,63.733,52.12,76.718,227.278,144.263,103.933,110.987,415.822,409.725,20.561,12.985,527.541448,257.884984,384.921975,327.64,345.654,235.684,331.979,364.792585,776.772391,2164.91878,410.817435,363.331999,415.018119,88.0395992,786.813935,1438.72082,1757.06499,2170.93301,2801.7172,4244.01792
Turks and Caicos Isl.,Import,Food Products,Import (US$ Thousand),,6.001,,,54.847,33.948,55.702,13.452,40.501,97.33,148.824,620.602,343.050814,460.459858,839.59636,234.672,5505.24533,6008.52642,11461.9857,7620.56525,10125.1917,4090.88185,1641.1303,909.69064,3868.14327,2626.31841,1754.18557,2410.60205,988.640352,2736.85243,2276.78438,501.795659,564.178187,688.977896
United States Minor Outlying I,Import,Food Products,Import (US$ Thousand),,,,,2236.09,,,,,,,,281.666,1023.914,678.64209,2792.03488,6146.6851,13581.37,10702.107,11480.5768,69.150253,93.0748398,2353.46704,134.409858,126.463,55.7231929,81.6845508,607.42437,36.6473962,136.101347,64.3681424,118.176122,974.818014,91.6725958
Uruguay,Import,Food Products,Import (US$ Thousand),6694.667,16660.715,30920.006,48213.056,55894.192,59681.108,80096.367,105738.614,130605.434,167113.507,226362.531,171373.32,173222.372,146313.109,129604.316,128843.614,189268.968,339482.053,283156.929,400982.6,323931.091,323883.333,386247.66,436882.234,477236.967,439098.934,394030.834,453132.258,409482.183,586773.443,533012.348,473841.841,426030.629,462902.75
Us Msc.Pac.I,Import,Food Products,Import (US$ Thousand),4647.36,5011.068,3991.82,4985.237,2005.97,4720.803,5363.239,4381.035,5484.552,6777.066,8193.006,5950.746,,,,,,,,,,,,,,,,,,,,,,
Pacific Islands,Import,Food Products,Import (US$ Thousand),,,78.772,15984.427,,,,,,,,,,,,,,,,,,,,,,,,,,,,,,
Qatar,Import,Food Products,Import (US$ Thousand),,180.712,37.853,1580.343,829.262,645.719,251.157,398.612,491.05,130.218,557.462,1080.467,595.595017,649.412958,1007.11462,3652.0954,365.237337,556.753286,509.921697,1208.50947,1216.74124,1753.43706,3868.91672,4832.59354,4200.54843,5518.90316,6258.06283,6123.31356,15316.6285,6515.23144,4645.53936,5063.13254,6009.82286,10457.8402
Reunion,Import,Food Products,Import (US$ Thousand),13668.903,7537.29,2348.511,3114.447,1666.692,17332.019,110106.595,131305.324,,,,,,,,,,,,,,,,,,,,,,,,,,
Sierra Leone,Import,Food Products,Import (US$ Thousand),4179.614,5395.156,3159.593,5884.219,4903.235,5672.77,6692.562,5440.58,6809.097,3778.901,4600.13,3215.754,7393.63076,4357.91292,13717.5536,18984.3138,18102.8843,19834.3455,30112.582,42720.5722,45180.2663,30448.5874,44054.8603,69254.3095,54667.4186,31449.9235,30536.2414,29495.3383,38317.3347,73828.8275,24870.0455,35998.4892,50561.3138,45318.88
Singapore,Import,Food Products,Import (US$ Thousand),141291.054,255825.763,270466.408,347604.582,414155.382,616088.523,699770.411,837422.425,856097.974,848333.584,722403.54,698577.574,857606.137,914331.069,987128.148,1082569.83,1185378.72,1347851.28,1620223.9,1857197.93,2393131.8,2462124.09,3181003.97,4495298.57,4514516.08,4676045.41,4972440.56,5029767.5,4944027.45,4808477.85,7805079.32,8668888.83,8465817.24,9232551.75
Slovenia,Import,Food Products,Import (US$ Thousand),,,,,117521.071,100598.201,137272.989,141023.505,157901.359,131883.575,140056.327,148155.041,144092.535,158326.525,173265.833,232460.181,255241.823,280047.883,388215.335,484339.404,493687.026,529966.322,542659.289,643688.27,857228.188,832009.601,740538.171,724792.732,759072.767,751510.314,913823.769,864841.737,900099.91,1088991.31
Syrian Arab Republic,Import,Food Products,Import (US$ Thousand),207.582,376.309,1415.505,11461.324,11474.143,10744.036,16994.329,20234.704,27345.865,24869.702,39314.969,30458.228,48084.4341,56670.4386,83143.7741,77350.1358,79218.411,81915.0159,89680.53,99854.0662,129192.721,207815.251,233434.194,178867.245,90662.0765,62480.3409,60538.2308,38743.6434,40171.505,41788.6913,45155.3087,58387.5964,70632.6295,104429.018
Tokelau,Import,Food Products,Import (US$ Thousand),,,163.641,1806.622,,4072.476,92.753,383.061,249.055,804.09,316.29,770.392,458.214,3210.771,810.874576,1084.32558,109.28456,227.314714,572.891697,398.424881,240.145171,2227.10679,263.090631,664.055817,280.170813,116.724161,401.379361,333.112391,824.688422,2168.18473,2302.94806,1881.70258,188.534178,78.6886277
Tunisia,Import,Food Products,Import (US$ Thousand),5921.213,4176.276,5719.273,10333.139,18896.481,12925.26,22476.466,27436.385,35176.947,32781.26,29473.275,37526.401,29703.9151,37156.3492,34931.1518,49898.604,63052.8628,82914.1083,91811.7059,117733.707,189732.942,224853.181,198975.681,171905.7,179698.009,172667.337,187050.788,176876.578,277503.263,273191.397,288605.83,261237.222,176773.773,191670.993
Turkey,Import,Food Products,Import (US$ Thousand),151950.178,219996.414,299553.5,740043.735,800456.177,747673.213,1053722.2,1127754.2,1434222.31,1535201.89,1475767.99,1547118.52,1225249.13,1502720.06,1361397.59,1644570.23,2281657.37,2720712.06,2842518.51,3259212.49,3732237.85,3603710.28,3758406.87,4438202.43,4658272.57,5400061.33,6186603.2,5990117.15,5933703.13,5981993.08,6281766.3,6222476.6,6063846.61,6658740.44
Tuvalu,Import,Food Products,Import (US$ Thousand),,,,,,,4.743,,17.414,41.826,28.595,,203.962,13504.3176,14323.023,330.492488,26.308,11.196,0.854,6.738,50.235,63.5718924,48.613,2.272,9.364,14.6828909,,,,16.9757004,575.547878,9.61553556,,64.1557757
Ukraine,Import,Food Products,Import (US$ Thousand),,,,,18513.362,60161.274,77148.902,99894.691,1265589.2,568934.367,369732.695,348101.82,439908.606,474114.464,518591.079,758891.671,1059614.12,1252453.49,1357442.3,1979552.61,2325659.04,2044044.92,2488735.71,2835181.4,3417631.21,3421960.74,3043221.83,2725587.57,2830294.78,3310940.99,3625111.94,3998946.1,3821194.38,4306686.66
Monaco,Import,Food Products,Import (US$ Thousand),,,,,16.314,,,793,18031.211,29603.031,692.905,5309.512,,,81.282,,,,,,,,,,,,,,,,,,,
Namibia,Import,Food Products,Import (US$ Thousand),,,,,,,,,,,,,14634.9541,17384.539,25121.1905,22220.4156,23425.3129,25934.9324,29305.5465,48526.0296,36496.3504,111020.012,224232.427,268312.7,280414.005,237615.631,207120.982,146904.823,131479.425,131656.967,160473.26,216020.224,100740.847,181281.468
Neutral Zone,Import,Food Products,Import (US$ Thousand),,,,,546.92,,,7.35,,95.52,68.179,12.552,,,,,1.929,,,,,9.903,0.702,,,,,,,,,,,
Nigeria,Import,Food Products,Import (US$ Thousand),78832.986,60967.117,56642.035,77753.154,66640.377,152069.864,225492.669,254871.151,307691.066,272438.368,339628.824,293933.124,159670.194,267280.178,345738.071,556699.043,372061.707,479233.416,395202.548,538210.7,778169.306,868788.828,947175.889,1094283.58,726475.541,857631.093,1007665.17,785289.058,995351.076,1005372.32,911180.496,939588.308,747978.641,1066635.66
Norway,Import,Food Products,Import (US$ Thousand),74562.485,121618.258,134499.625,157049.097,355057.268,357007.38,417711.457,439722.763,494111.48,481510.394,560715.551,510180.457,436823.17,425163.595,489587.489,480941.623,505427.858,533227.068,578425.833,666217.117,681513.116,611076.649,673086.326,750339.498,788960.927,766838.769,798872.395,723450.151,759660.758,836588.328,1037607.88,1133558.83,1186742.96,1391251.25
Peru,Import,Food Products,Import (US$ Thousand),53397.444,159861.152,164240.504,214323.56,560570.611,600271.678,924959.137,935044.754,1131195.84,1485848.67,727583.019,954296.203,1265678.79,1273749.74,1224956.77,1195564.12,1496272.47,1831864.73,2029647.38,2196368.83,2646331.23,2545891.37,3049432.68,3407184.99,3602543.11,2974498.21,3426459.4,3059696.84,2852735.21,3529409.33,3603861.92,3765521.46,3236071.5,4148973.7
Portugal,Import,Food Products,Import (US$ Thousand),70251.31,143645.317,169698.388,244121.632,306816.622,520197.228,669621.993,880923.324,919253.108,913235,955121.237,957668.575,894270.409,934590.596,1065650.87,1264605.9,1440525.45,1765165.32,2072769.48,2742144.65,2908472.58,3245985.34,3025887.93,3663313.7,3752247.58,3958763.94,4319559.61,3709337.91,3350055.37,3552953.15,3759726.32,3604022.17,3687392.77,4201243.57
Rwanda,Import,Food Products,Import (US$ Thousand),48.407,86.969,,1.676,105.154,91.338,144.111,209.816,36.966,415.399,88.982,38.261,527.605971,7.74,8.13335225,110.905091,465.338544,200.436621,200.143717,211.917782,258.957842,85.8895365,264.290024,1148.80235,3486.81162,2303.025,3028.39179,2598.09722,3557.03443,9099.42908,2749.80585,7813.43426,9260.28551,33477.2893
St. Lucia,Import,Food Products,Import (US$ Thousand),19.354,8.937,20.287,441.728,687.459,3379.029,3582.035,3483.322,1786.132,4743.407,4127.622,10564.809,11278.6954,10202.2582,9515.079,12699.755,12251.6542,15377.8285,11936.1509,12308.2881,14867.7476,16812.7892,16754.249,16372.911,20466.8606,19063.8011,14442.035,14312.3123,14763.2779,15821.1537,12903.2759,16215.795,15855.6569,17796.5799
Sweden,Import,Food Products,Import (US$ Thousand),154548.462,224651.419,283139.709,406302.543,467625.95,577582.657,718639.96,888593.795,1042110.24,1033944.98,1054146.96,1038909.93,1000395.79,1085266.31,1347614.88,1573104.88,1856312.11,2054289.53,2218776.89,2652240.06,3098886.82,2879979.52,2998153.14,3568699.87,3487325.6,3803641.56,3772561.49,3318931.72,3416722.32,3642911.17,3782406.17,3890361.47,3997873.26,4599408.93
Uganda,Import,Food Products,Import (US$ Thousand),402,563.364,1142.814,2089.384,5457.369,5866.055,5873.093,12576.897,14162.592,16459.761,13534.364,26914.247,33487.8986,49852.6483,57149.6671,61526.0392,62573.3376,80288.5893,50995.5537,108534.587,115974.763,139789.912,174901.366,150527.447,157104.069,234248.09,169415.377,258752.475,238751.901,262526.736,266835.615,194562.135,164187.792,246952.093
Uzbekistan,Import,Food Products,Import (US$ Thousand),,,,,23.094,837.29,12108.12,18660.431,67325.337,51017.142,43366.972,88735.133,73148.1913,49104.8743,41889.1699,43259.7861,43286.835,45631.2921,38569.3491,47663.0046,51624.2327,47208.4847,68330.4286,60426.5863,61595.1468,62573.0442,57239.51,43773.3783,54309.6515,77265.5266,67704.3283,98442.315,90918.3178,135768.825
Zimbabwe,Import,Food Products,Import (US$ Thousand),50039.792,88484.954,117092.825,171025.433,370587.172,326578.586,512521.978,492398.671,728600.074,755576.904,576332.002,729978.566,639285.298,746784.938,757264.349,670458.2,570279.535,453667.582,396456.885,418485.889,459551.949,422771.887,436947.837,779964.217,865631.081,1017418.46,1192000.51,1113071.84,1062356.25,1190328.46,1141652.22,1242698.4,1162148.74,994796.427
