Country,Security,Affordability,Avail,Quality,Sustain,year,gini,exports,imports,pop,gdppc,Region,median
Austria,74.4,87.0,67.5,87.2,52.3,2012,30.5,5706086.36,6686922.27,8429991.0,48564.92,Other High Income Countries,52.697229655886
Belarus,60.2,65.5,51.8,74.5,48.2,2012,26.5,1387263.07,439618.234,9446836.0,6953.217,Europe & Central Asia,14.584607963399
Belgium,73.6,88.9,65.8,78.1,57.6,2012,27.5,16951434.0,17806642.6,11106932.0,44670.56,Other High Income Countries,48.920853059361
Bolivia,52.8,57.9,54.1,52.6,44.7,2012,46.6,394016.576,796727.037,10569697.0,2562.467,Latin America & Caribbean,13.299046035434
Brazil,63.8,72.6,61.3,74.1,44.7,2012,53.4,3785472.79,30868206.1,199977707.0,12327.52,Latin America & Caribbean,11.77871656408
Bulgaria,63.5,80.5,46.9,71.5,51.2,2012,36.0,1308394.03,1334560.3,7305888.0,7431.014,Europe & Central Asia,14.05060316481
Canada,72.1,85.7,62.0,83.1,54.1,2012,33.5,21207134.5,11824075.1,34714222.0,52669.09,Other High Income Countries,52.571739089922
China,60.5,65.0,64.5,64.8,45.8,2012,42.2,17798535.8,22756843.4,1354190000.0,6300.582,East Asia & Pacific,9.346662488127
Colombia,62.3,74.6,62.1,64.8,43.7,2012,52.6,2338554.2,1699789.41,45782417.0,8096.802,Latin America & Caribbean,8.62567632028
Costa Rica,71.7,80.2,67.1,76.2,61.2,2012,48.4,708953.32,1196579.45,4736593.0,9971.652,Latin America & Caribbean,15.847805151015
Denmark,73.4,88.1,66.2,83.6,51.4,2012,27.8,5524542.88,6536301.51,5591572.0,58507.51,Other High Income Countries,49.759304083057
Ecuador,59.4,69.6,54.6,63.7,47.0,2012,46.1,1030563.62,2632042.16,15483883.0,5678.456,Latin America & Caribbean,10.310090590332
El Salvador,58.8,63.7,67.2,66.4,35.3,2012,41.8,728940.579,868414.089,6161289.0,3471.051,Latin America & Caribbean,7.205081451253
Finland,78.4,84.7,72.5,82.7,72.2,2012,27.1,3006291.11,803460.898,5413971.0,47708.06,Other High Income Countries,47.983445608176
France,76.8,89.1,68.8,86.5,59.7,2012,33.1,25864958.1,39724971.5,65662240.0,40870.85,Other High Income Countries,47.513657483077
Germany,73.4,88.4,67.6,84.0,49.2,2012,31.1,34477044.3,39440030.4,80425823.0,43855.85,Other High Income Countries,49.328672430952
Ghana,50.5,64.3,43.0,47.9,43.0,2012,42.4,1398645.66,3319029.07,26858762.0,1536.62,Sub-Saharan Africa,3.526679213034
Greece,67.5,80.5,62.0,75.6,48.0,2012,36.3,2899560.94,2382968.16,11045011.0,21913.0,Other High Income Countries,22.158981719248
Guinea,35.8,26.5,33.4,37.3,49.5,2012,33.7,338818.058,29879.0467,10788692.0,707.9677,Sub-Saharan Africa,3.139889392536
Haiti,43.9,48.7,43.6,47.0,34.8,2012,41.1,364408.022,14120.4454,10108539.0,1356.173,Latin America & Caribbean,3.198856445805
Honduras,54.1,55.9,58.1,54.9,46.4,2012,53.4,830812.96,443634.211,8792367.0,2107.345,Latin America & Caribbean,5.798679662472
Hungary,66.1,81.9,52.1,83.7,42.8,2012,30.8,2788459.25,3158011.2,9920362.0,12984.84,Europe & Central Asia,17.029804891157
Indonesia,55.4,69.0,47.0,59.1,43.0,2012,40.5,7265488.5,5367792.24,250222695.0,3668.212,East Asia & Pacific,4.65808676327
Ireland,76.9,89.8,69.5,81.6,63.4,2012,33.2,5516348.86,8000633.43,4599533.0,49054.7,Other High Income Countries,35.655792090197
Israel,67.0,84.9,64.6,76.4,36.5,2012,41.6,3020898.05,1212389.91,7910500.0,33156.23,Other High Income Countries,26.826652631576
Italy,71.5,87.9,67.9,82.0,43.0,2012,35.2,15313170.0,23831961.7,59539717.0,35051.52,Other High Income Countries,38.427173151561
Kazakhstan,62.7,76.8,45.4,75.8,50.2,2012,28.2,1946010.94,152617.422,16792090.0,12386.7,Europe & Central Asia,10.232968144338
Madagascar,39.4,28.2,43.9,40.4,48.5,2012,42.6,266910.066,122274.28,22966240.0,504.1737,Sub-Saharan Africa,1.118723778647
Mexico,61.8,76.9,53.0,67.9,45.4,2012,48.7,7518591.55,9684970.67,115755909.0,10376.09,Latin America & Caribbean,8.917200438561
Netherlands,73.4,89.6,67.9,85.3,46.0,2012,27.6,24452091.8,33488421.4,16754962.0,50070.14,Other High Income Countries,48.174854771143
Nigeria,42.9,47.2,31.6,46.2,46.4,2012,35.5,2843401.49,726475.541,170075932.0,2728.023,Sub-Saharan Africa,2.809049140821
Norway,80.9,87.4,70.2,86.7,78.3,2012,25.7,6642934.01,788960.927,5018573.0,102175.9,Other High Income Countries,61.506514672581
Panama,61.2,75.0,55.7,64.1,46.1,2012,51.7,1275595.45,189005.721,3754862.0,10767.29,Latin America & Caribbean,16.13799133121
Paraguay,54.0,68.4,45.7,66.8,31.3,2012,47.6,770871.869,508166.88,5923322.0,5621.244,Latin America & Caribbean,11.600767615418
Peru,63.1,78.9,48.0,67.4,54.7,2012,44.4,1555645.83,3602543.11,29749589.0,6475.719,Latin America & Caribbean,9.409666282882
Philippines,52.1,68.8,46.3,60.1,28.1,2012,46.5,4390830.37,2301421.57,98032317.0,2671.778,East Asia & Pacific,4.381147368234
Poland,68.5,83.6,61.5,75.3,49.5,2012,33.0,6722293.55,10803473.5,38063164.0,13010.76,Europe & Central Asia,14.931524835013
Portugal,74.8,87.3,67.8,79.6,60.9,2012,36.0,3401101.99,3752247.58,10514844.0,20563.71,Other High Income Countries,22.765785521618
Romania,63.0,81.3,50.9,70.3,44.5,2012,36.5,2497158.48,1361044.89,20058035.0,8930.73,Europe & Central Asia,9.247948575834
Spain,74.9,88.3,66.1,82.6,59.0,2012,35.4,12450821.2,14219508.2,46773055.0,28322.95,Other High Income Countries,35.861052774499
Sri Lanka,52.9,64.2,43.4,62.6,38.5,2012,38.7,812504.309,267583.622,21017147.0,3351.892,South Asia,5.727974738995
Sweden,75.7,90.8,65.2,77.6,65.2,2012,27.6,5574421.04,3487325.6,9519374.0,58037.82,Other High Income Countries,44.910287081369
Switzerland,73.2,87.6,67.1,71.3,62.8,2012,31.6,10489346.3,6861899.15,7996861.0,85836.21,Other High Income Countries,64.390817250211
Thailand,55.5,76.5,48.5,56.1,34.4,2012,39.3,5665871.71,16712999.6,69157023.0,5748.633,East Asia & Pacific,11.129934465435
Uganda,41.0,28.1,39.7,53.2,47.6,2012,41.0,103818.511,157104.069,34273295.0,796.7111,Sub-Saharan Africa,2.634430792047
Ukraine,55.8,76.9,46.3,65.9,28.2,2012,24.7,3681870.08,3417631.21,45593342.0,4004.79,Europe & Central Asia,11.437560024619
United Kingdom,71.6,84.3,65.6,76.9,56.1,2012,33.1,29421734.9,18825482.8,63700215.0,42485.59,Other High Income Countries,42.176681782138
United States,76.7,87.0,65.8,88.2,63.8,2012,40.9,66686554.5,43882551.6,313877662.0,51784.42,Other High Income Countries,53.513406023979
Uruguay,60.9,77.0,50.5,64.8,47.2,2012,39.9,838199.274,477236.967,3371133.0,16087.25,Latin America & Caribbean,20.067237983971
Austria,74.0,88.5,66.2,84.9,52.4,2013,30.8,6136803.16,7166479.92,8479823.0,50731.13,Other High Income Countries,54.359094655684
Belarus,60.5,65.9,52.8,74.1,48.3,2013,26.6,1745576.36,659141.914,9443211.0,7998.078,Europe & Central Asia,16.063588081657
Belgium,73.9,89.0,66.8,77.7,57.8,2013,27.7,17634562.5,19564796.4,11159407.0,46757.95,Other High Income Countries,48.951730158661
Bolivia,59.1,71.6,54.8,61.5,44.9,2013,47.6,453046.954,993339.963,10743349.0,2853.797,Latin America & Caribbean,14.286729861358
Brazil,66.5,73.6,65.2,80.3,44.6,2013,52.7,3989223.99,28869177.3,201721767.0,12258.56,Latin America & Caribbean,12.388895258959
Bulgaria,64.5,84.8,51.1,65.9,51.0,2013,36.6,1532950.79,1384396.27,7265115.0,7686.629,Europe & Central Asia,15.684114402633
Burundi,41.1,30.7,41.7,49.7,45.7,2013,38.6,27670.2435,511.603385,10149577.0,241.5477,Sub-Saharan Africa,1.700756490241
Canada,72.8,88.4,63.5,80.8,54.2,2013,33.8,22079744.6,12404580.9,35082954.0,52635.17,Other High Income Countries,53.52993281589
Chile,69.6,79.2,59.0,75.8,62.5,2013,45.8,3067452.88,4529290.33,17509925.0,15833.28,Latin America & Caribbean,14.095659918559
China,66.0,74.4,71.7,64.9,49.4,2013,39.7,20118338.2,22648242.2,1363240000.0,7020.386,East Asia & Pacific,10.010378314552
Colombia,61.7,75.3,56.5,65.5,45.5,2013,52.6,2531445.64,1666461.99,46237930.0,8263.642,Latin America & Caribbean,9.095703639323
Costa Rica,74.5,82.6,69.3,77.9,66.1,2013,49.2,678142.985,1160860.21,4791535.0,10633.27,Latin America & Caribbean,15.747395202754
Denmark,74.2,88.1,69.1,83.7,52.0,2013,28.5,6130804.1,6935054.71,5614932.0,61191.19,Other High Income Countries,50.617149928785
Ecuador,59.4,69.4,51.2,65.9,48.5,2013,46.9,1070676.18,2967368.98,15722989.0,6050.355,Latin America & Caribbean,10.239714097939
El Salvador,61.7,72.4,66.9,67.9,35.7,2013,43.4,710328.19,779019.028,6185642.0,3555.162,Latin America & Caribbean,7.76470180722
Finland,78.2,86.7,69.2,83.0,72.3,2013,27.2,3315039.88,835332.506,5438972.0,49892.22,Other High Income Countries,47.896488644365
France,76.3,88.2,67.2,86.9,59.7,2013,32.5,27797595.2,40895750.7,66002289.0,42602.72,Other High Income Countries,47.404404226732
Germany,74.8,88.4,67.7,86.8,52.6,2013,31.5,37031219.2,41945361.8,80645605.0,46298.92,Other High Income Countries,49.706452498265
Greece,70.9,82.6,61.8,81.4,54.7,2013,36.1,3094347.68,2436376.23,10965211.0,21787.79,Other High Income Countries,20.860280277784
Honduras,56.9,59.4,61.4,58.1,47.2,2013,50.0,872697.229,474357.606,8960657.0,2064.551,Latin America & Caribbean,6.192532220026
Hungary,66.1,84.0,51.9,81.1,42.9,2013,31.5,2758099.1,3606363.38,9893082.0,13715.07,Europe & Central Asia,17.361833945598
Indonesia,57.6,72.9,50.5,59.4,43.4,2013,40.8,7354967.29,6001435.16,253275918.0,3602.886,East Asia & Pacific,4.850837995171
Ireland,78.0,91.3,71.3,81.6,64.0,2013,33.5,6023850.94,8413960.11,4623816.0,51546.35,Other High Income Countries,35.71853721342
Israel,68.1,88.1,64.8,76.4,36.7,2013,40.2,3277066.0,1226980.26,8059500.0,36941.84,Other High Income Countries,28.32875046656
Italy,70.3,88.4,67.6,76.3,43.1,2013,34.9,15927180.9,25946218.3,60233948.0,35560.08,Other High Income Countries,38.16923322025
Japan,77.6,90.5,80.5,71.9,63.0,2013,32.9,25287842.6,2545794.91,127445000.0,40898.65,Other High Income Countries,41.492112385734
Kazakhstan,61.7,79.7,37.2,76.0,50.5,2013,27.1,2118778.34,229464.797,17035551.0,13890.63,Europe & Central Asia,10.821952513301
Malaysia,65.2,84.4,56.3,71.4,43.2,2013,41.3,7343518.64,5502405.52,30134807.0,10727.67,East Asia & Pacific,19.240177179466
Morocco,54.8,68.1,42.4,62.2,43.6,2013,39.5,1740724.93,1103294.85,33803527.0,3377.644,Middle East & North Africa,7.712148872617
Netherlands,76.7,90.5,69.6,85.1,57.7,2013,28.1,27553267.7,35718470.5,16804432.0,52198.9,Other High Income Countries,46.899241971445
Norway,81.5,86.4,68.9,86.8,83.6,2013,26.4,7236807.12,766838.769,5079623.0,103553.8,Other High Income Countries,63.707968843062
Pakistan,45.3,55.4,39.1,49.7,34.2,2013,29.5,852326.279,998053.292,205337562.0,1126.041,South Asia,3.87620988959
Panama,63.6,74.6,61.9,67.4,46.8,2013,51.5,1411368.44,199894.827,3821556.0,11932.29,Latin America & Caribbean,16.894323242588
Paraguay,58.5,84.6,42.6,67.3,32.5,2013,47.9,781357.599,1072731.42,6005652.0,6435.827,Latin America & Caribbean,12.329539692056
Peru,67.0,79.8,60.9,68.8,55.0,2013,43.9,1636488.0,2974498.21,30038809.0,6697.188,Latin America & Caribbean,9.500891024748
Poland,71.3,85.4,62.6,80.5,52.7,2013,33.1,7596596.78,11686378.5,38040196.0,13558.34,Europe & Central Asia,15.067271897508
Portugal,74.4,86.7,67.1,79.6,61.0,2013,36.2,3819193.13,3958763.94,10457295.0,21653.2,Other High Income Countries,22.932497985602
Romania,64.5,84.8,51.6,70.0,46.0,2013,36.9,2740066.73,1526992.12,19983693.0,9497.207,Europe & Central Asia,9.343697276917
Rwanda,42.1,29.9,48.3,48.0,45.7,2013,45.1,71965.197,2303.025,11101350.0,704.4235,Sub-Saharan Africa,2.03977242047
Spain,75.1,88.3,67.5,82.2,59.0,2013,36.2,12762011.5,15437035.7,46620045.0,29077.18,Other High Income Countries,34.930683847987
Sweden,75.8,91.2,65.1,77.6,65.3,2013,28.8,6290021.77,3803641.56,9600379.0,61126.94,Other High Income Countries,45.663052138197
Switzerland,72.8,88.9,64.1,70.8,62.8,2013,32.5,11293615.3,7804767.64,8089346.0,87304.33,Other High Income Countries,63.704589454708
Thailand,57.4,78.0,56.4,56.1,32.2,2013,37.8,5908036.7,15850428.8,69578602.0,6041.134,East Asia & Pacific,11.462606909257
Ukraine,54.3,84.7,36.0,59.6,28.6,2013,24.6,3961777.37,3421960.74,45489648.0,4187.74,Europe & Central Asia,12.086083835802
United Arab Emirates,61.4,79.3,47.1,75.5,39.1,2013,32.5,8299922.85,3187363.46,8751847.0,45729.61,Other High Income Countries,65.144015831227
United Kingdom,74.9,87.6,71.3,77.2,59.8,2013,32.7,31996839.2,20871844.5,64128273.0,43449.09,Other High Income Countries,42.649521108411
United States,77.3,88.4,66.8,88.6,63.0,2013,40.7,68705803.5,47473316.8,316059947.0,53291.13,Other High Income Countries,53.182752346629
Uruguay,66.9,78.5,59.8,71.1,55.3,2013,40.5,903058.139,439098.934,3381180.0,18140.89,Latin America & Caribbean,20.783599583839
Australia,76.1,94.2,62.4,88.8,54.3,2014,34.4,11235610.3,6276917.2,23475686.0,62515.31,Other High Income Countries,52.274580597601
Austria,76.0,88.6,66.9,84.7,60.6,2014,30.5,6249551.57,7199865.31,8546356.0,51786.38,Other High Income Countries,54.461120777359
Belarus,63.9,75.8,51.7,76.4,49.1,2014,27.2,1912028.3,938733.087,9448515.0,8341.288,Europe & Central Asia,16.639469912579
Belgium,74.6,88.8,64.2,83.7,58.4,2014,28.1,17840605.4,20117009.5,11209057.0,47764.07,Other High Income Countries,49.064108030919
Bolivia,59.7,66.0,65.4,61.4,43.4,2014,47.8,474185.969,873884.616,10916987.0,3022.463,Latin America & Caribbean,14.180519039861
Brazil,66.9,70.2,68.7,83.1,44.3,2014,52.0,4342062.63,25833254.6,203459650.0,12071.4,Latin America & Caribbean,12.816304537861
Bulgaria,65.1,85.7,50.1,68.7,50.6,2014,37.4,1535148.61,1586737.23,7223938.0,7912.521,Europe & Central Asia,16.277571251747
Burkina Faso,44.1,51.0,42.4,49.3,31.6,2014,35.3,423692.149,2845.16718,18169842.0,767.3713,Sub-Saharan Africa,2.448356737004
Cameroon,43.0,50.9,32.8,45.9,40.7,2014,46.6,548308.933,705553.487,22299585.0,1631.714,Sub-Saharan Africa,3.88915497417
Canada,72.5,90.0,60.8,80.8,54.1,2014,33.2,22587667.0,12909415.5,35437435.0,50956.0,Other High Income Countries,53.804524669471
China,67.9,75.5,71.9,71.2,50.0,2014,39.2,20248774.2,23295768.2,1371860000.0,7636.074,East Asia & Pacific,10.713046676321
Colombia,66.1,80.9,63.5,65.2,50.2,2014,52.6,2653552.54,1462153.37,46677947.0,8167.473,Latin America & Caribbean,9.523090164751
Costa Rica,74.4,81.7,69.8,78.1,66.0,2014,48.6,718466.43,1226134.5,4844288.0,10737.68,Latin America & Caribbean,15.833556139447
Denmark,77.4,92.7,68.4,83.6,61.0,2014,28.4,6170986.27,6865274.16,5643475.0,62548.98,Other High Income Countries,51.012443104437
Ecuador,61.8,74.8,58.8,59.7,49.8,2014,45.0,1192004.78,2725825.54,15957994.0,6374.631,Latin America & Caribbean,10.770400798615
El Salvador,61.1,70.3,66.5,68.0,36.1,2014,41.6,761882.792,796401.026,6209526.0,3638.518,Latin America & Caribbean,7.733602972635
Finland,78.3,86.5,69.9,82.3,72.4,2014,26.8,3139133.97,855953.351,5461512.0,50327.24,Other High Income Countries,47.833167232147
France,77.2,90.4,67.7,87.0,60.3,2014,32.3,28205473.6,41398094.3,66312067.0,43068.55,Other High Income Countries,48.543088144673
Germany,76.2,87.9,69.6,86.7,57.5,2014,30.9,37913259.5,42984008.1,80982500.0,48023.87,Other High Income Countries,49.980107670384
Greece,72.7,89.7,61.5,83.7,51.6,2014,35.8,3029362.17,2470315.33,10892413.0,21616.71,Other High Income Countries,20.845241690452
Guatemala,59.8,61.2,55.4,68.6,54.2,2014,48.3,1183708.38,1879120.74,15306316.0,3779.626,Latin America & Caribbean,6.169566920796
Honduras,56.9,56.4,63.0,62.2,45.8,2014,49.9,913667.177,512804.675,9127846.0,2164.425,Latin America & Caribbean,6.349107077257
Hungary,68.5,87.8,54.5,75.7,51.2,2014,30.9,2980571.26,3698181.6,9866468.0,14294.26,Europe & Central Asia,18.448183062859
Indonesia,56.9,66.3,50.2,62.5,46.4,2014,40.2,7046541.63,6734259.66,256229761.0,3476.625,East Asia & Pacific,5.005391967149
Ireland,78.2,90.9,71.5,81.6,65.1,2014,31.9,5908258.79,8985509.32,4657740.0,55643.06,Other High Income Countries,37.513086251597
Israel,68.6,83.4,67.2,82.7,36.5,2014,39.8,3309109.04,1303326.79,8215700.0,38259.68,Other High Income Countries,29.429881072782
Italy,74.2,88.3,67.9,81.8,54.6,2014,34.7,15798680.2,27182316.1,60789140.0,35565.72,Other High Income Countries,38.351415964059
Kazakhstan,64.4,84.1,42.5,76.5,50.2,2014,27.0,2281135.6,257911.201,17288285.0,12807.26,Europe & Central Asia,10.570000199248
Mexico,64.6,77.3,55.5,74.2,48.1,2014,48.7,8229209.21,11624578.5,118755887.0,11076.13,Latin America & Caribbean,8.454638983423
Mozambique,48.4,47.7,55.3,44.3,45.8,2014,54.0,715842.958,502781.475,26038704.0,680.3753,Sub-Saharan Africa,1.604767041806
Netherlands,76.2,90.1,68.3,85.0,57.5,2014,28.6,27176851.5,35278877.3,16865008.0,52900.54,Other High Income Countries,47.304780513903
Nicaragua,52.8,60.2,50.4,57.0,41.5,2014,46.2,575321.953,445728.855,6208676.0,1913.521,Latin America & Caribbean,8.074234202225
Niger,43.6,44.4,34.4,56.7,39.6,2014,34.3,246762.047,1236.3336,19372014.0,560.7545,Sub-Saharan Africa,2.011065068811
Norway,81.9,86.1,69.0,89.3,83.3,2014,26.8,7502640.51,798872.395,5137232.0,97666.7,Other High Income Countries,64.785371913354
Panama,64.8,77.1,57.1,73.3,48.4,2014,50.5,1585351.58,212289.442,3888793.0,12837.25,Latin America & Caribbean,17.49350552531
Paraguay,57.9,81.1,45.1,68.0,31.1,2014,50.7,834308.062,1590510.88,6090721.0,6629.427,Latin America & Caribbean,12.633976358929
Peru,68.6,83.9,63.1,68.8,53.9,2014,43.1,1652891.69,3426459.4,30353951.0,6614.83,Latin America & Caribbean,9.63006725008
Poland,72.3,88.3,62.8,80.5,53.5,2014,32.8,8181930.04,12672474.9,38011735.0,14181.95,Europe & Central Asia,15.504075916858
Portugal,73.6,87.9,65.7,79.4,57.5,2014,35.6,3524200.49,4319559.61,10401062.0,22103.7,Other High Income Countries,23.607675387501
Romania,66.6,83.6,54.5,77.9,45.9,2014,36.0,2915887.06,1834168.85,19908979.0,10031.34,Europe & Central Asia,10.210320231993
South Africa,61.5,72.3,59.8,67.2,43.5,2014,63.0,4571588.91,4042748.73,54729551.0,6965.138,Sub-Saharan Africa,4.753422087692
Spain,74.4,87.3,65.7,77.1,64.1,2014,36.1,13131804.7,15794613.9,46480882.0,29513.65,Other High Income Countries,35.039487565673
Sudan,36.8,30.5,28.5,59.3,32.2,2014,34.2,660436.533,171424.739,37003245.0,2076.001,Sub-Saharan Africa,3.661623371308
Sweden,75.2,90.3,64.3,76.9,65.6,2014,28.4,6527554.19,3772561.49,9696110.0,60020.36,Other High Income Countries,46.890239560781
Switzerland,74.3,87.0,66.2,77.4,63.1,2014,32.5,11643021.3,7960637.01,8188649.0,88724.99,Other High Income Countries,64.259331520083
Thailand,57.9,78.0,58.8,56.3,31.9,2014,37.0,5850508.43,16418691.7,69960943.0,5822.378,East Asia & Pacific,11.619301637361
Ukraine,56.8,80.7,41.5,59.8,38.9,2014,24.0,3174604.61,3043221.83,45272155.0,3104.654,Europe & Central Asia,11.6106824732
United Kingdom,73.9,87.3,71.6,71.5,61.1,2014,33.1,33019359.6,20770660.6,64602298.0,47447.59,Other High Income Countries,43.870485877433
United States,78.1,91.5,67.0,88.6,62.2,2014,41.5,70462387.1,47977114.7,318386329.0,55123.85,Other High Income Countries,51.783175312638
Uruguay,67.0,75.7,61.7,72.2,56.4,2014,40.1,910737.154,394030.834,3391662.0,18131.58,Latin America & Caribbean,22.020576490039
Austria,77.6,90.5,68.2,84.5,63.9,2015,30.5,5505437.97,6772013.1,8642699.0,44195.82,Other High Income Countries,54.984206248188
Belarus,61.1,70.2,47.1,76.2,49.3,2015,25.6,1410336.92,703458.353,9461076.0,5967.069,Europe & Central Asia,15.229696955279
Belgium,76.2,93.0,64.5,84.4,58.3,2015,27.7,16251264.8,18211537.2,11274196.0,41008.3,Other High Income Countries,50.488320985213
Benin,44.7,51.9,48.0,42.4,33.8,2015,47.8,462525.232,14318.25,10932783.0,1041.653,Sub-Saharan Africa,2.123896033109
Bolivia,62.5,68.4,64.8,71.0,43.5,2015,46.7,447907.821,675381.832,11090085.0,2975.649,Latin America & Caribbean,13.984006772283
Botswana,51.2,73.6,47.6,48.6,28.0,2015,53.3,319291.645,10139.7337,2305171.0,5869.738,Sub-Saharan Africa,4.842954987105
Brazil,68.5,74.9,69.4,82.6,44.6,2015,51.9,3495086.41,23525115.2,205188205.0,8783.214,Latin America & Caribbean,12.494715610213
Bulgaria,67.3,88.9,54.3,69.8,50.6,2015,38.6,1433777.97,1450519.1,7177991.0,7081.102,Europe & Central Asia,15.466485101086
Canada,71.1,88.8,60.0,76.8,54.1,2015,33.7,21627236.9,13060728.7,35702908.0,43596.14,Other High Income Countries,53.678289934335
Chile,69.5,80.1,61.7,70.5,63.1,2015,44.4,2925040.35,4313108.93,17870124.0,13569.95,Latin America & Caribbean,15.184599609564
China,69.8,79.2,73.7,72.9,50.0,2015,38.6,22947074.0,22155857.7,1379860000.0,8016.446,East Asia & Pacific,11.298799698219
Colombia,67.9,78.8,66.6,72.7,50.2,2015,51.0,2459596.21,1372990.81,47119728.0,6228.652,Latin America & Caribbean,9.65149983974
Costa Rica,74.2,81.5,73.8,70.6,68.7,2015,48.4,756893.957,1294457.16,4895242.0,11529.96,Latin America & Caribbean,15.757310584022
Denmark,78.2,93.0,66.0,89.3,61.0,2015,28.2,5400085.51,5899482.05,5683483.0,53254.86,Other High Income Countries,51.132123437337
Ecuador,61.2,72.7,53.9,64.2,51.1,2015,46.0,1038185.12,2600700.52,16195902.0,6130.587,Latin America & Caribbean,10.667512532858
El Salvador,63.6,70.1,69.1,69.9,42.8,2015,40.6,775113.849,827161.506,6231066.0,3761.514,Latin America & Caribbean,8.078950673733
Finland,80.7,92.9,67.3,87.8,72.5,2015,27.1,2618822.12,681117.525,5479531.0,42801.91,Other High Income Countries,48.046367693964
France,77.5,92.0,66.9,87.0,60.3,2015,32.7,23761054.1,36564360.4,66548272.0,36652.92,Other High Income Countries,49.097524428979
Germany,77.0,91.5,68.2,86.7,57.5,2015,31.4,33501810.7,38557247.7,81686611.0,41103.26,Other High Income Countries,51.454440034109
Greece,75.5,90.2,63.9,89.7,54.9,2015,36.0,2556864.65,2361040.1,10820883.0,18083.88,Other High Income Countries,21.114289713395
Honduras,58.4,54.4,59.3,62.4,58.8,2015,49.2,898443.743,507176.422,9294505.0,2257.225,Latin America & Caribbean,6.377022610303
Hungary,71.4,91.2,55.6,82.8,51.2,2015,30.4,2589640.93,3245416.53,9843028.0,12717.04,Europe & Central Asia,19.396135592623
India,56.3,59.7,64.7,60.5,38.3,2015,34.7,2189153.54,5792748.19,1322866505.0,1590.174,South Asia,3.673608509266
Indonesia,57.9,72.7,46.2,62.6,46.2,2015,40.4,5913608.2,6438503.14,259091970.0,3322.582,East Asia & Pacific,5.261222624087
Ireland,78.5,92.6,70.0,82.6,65.1,2015,31.8,5194622.59,8848263.55,4701957.0,62053.98,Other High Income Countries,39.228738979064
Israel,71.0,91.1,69.2,80.6,36.5,2015,39.7,3120818.69,1167068.04,8380100.0,36206.52,Other High Income Countries,30.046711249567
Italy,74.5,91.0,66.5,81.2,54.6,2015,35.4,13635326.8,24469754.6,60730582.0,30242.39,Other High Income Countries,39.452458288031
Kazakhstan,64.2,84.4,42.0,75.7,50.4,2015,26.8,1724040.16,210098.206,17542806.0,10510.77,Europe & Central Asia,10.061601039576
Kenya,49.7,46.9,49.5,55.4,47.9,2015,40.8,716036.974,457108.846,46851488.0,1496.654,Sub-Saharan Africa,3.098574182286
Malaysia,68.1,84.6,59.0,75.2,49.0,2015,41.1,6612940.99,5216346.64,31068833.0,9699.585,East Asia & Pacific,21.624985430673
Myanmar,51.8,59.5,48.0,55.9,41.5,2015,38.1,1900403.26,82663.3652,51483949.0,1224.562,East Asia & Pacific,4.768426542007
Netherlands,76.0,93.3,66.8,81.6,57.5,2015,28.2,25591049.8,30107218.5,16939923.0,45193.4,Other High Income Countries,50.42110864857
Nigeria,45.4,47.4,35.1,52.0,47.5,2015,35.9,2636194.55,785289.058,183995785.0,2679.555,Sub-Saharan Africa,2.896423321006
Norway,82.0,84.1,71.3,89.1,83.7,2015,27.5,6356953.39,723450.151,5188607.0,74809.97,Other High Income Countries,64.99609072349
Pakistan,48.6,60.2,47.0,49.6,34.0,2015,31.3,1093714.36,710944.447,210969298.0,1282.443,South Asia,4.083079497646
Panama,65.1,81.7,56.8,71.3,46.2,2015,50.8,1599554.75,201049.218,3957099.0,13669.56,Latin America & Caribbean,18.755540527612
Paraguay,55.7,77.8,40.5,67.7,31.0,2015,47.6,704379.396,974454.318,6177950.0,5861.39,Latin America & Caribbean,12.588135360644
Peru,71.3,83.4,64.2,72.5,62.0,2015,43.4,1721791.63,3059696.84,30711863.0,6180.119,Latin America & Caribbean,9.618947181053
Philippines,55.5,68.9,50.7,68.4,30.3,2015,44.6,4953200.67,2140804.09,103031365.0,2974.297,East Asia & Pacific,4.843820166221
Poland,71.5,90.6,62.2,74.5,53.5,2015,31.8,7632148.93,12511595.0,37986412.0,12560.05,Europe & Central Asia,15.769632205103
Portugal,76.7,90.5,66.2,89.3,57.5,2015,35.5,3019650.14,3709337.91,10358076.0,19250.11,Other High Income Countries,24.705734554057
Romania,67.7,87.8,53.0,77.3,47.6,2015,35.9,2634675.9,1823255.78,19815616.0,8976.955,Europe & Central Asia,10.917235892692
Spain,76.8,90.5,61.6,87.9,64.0,2015,36.2,11788032.8,14114065.7,46444832.0,25754.36,Other High Income Countries,35.95934903193
Sweden,77.5,92.5,64.6,83.8,65.6,2015,29.2,5755247.87,3318931.72,9799186.0,51545.48,Other High Income Countries,48.042764891192
Switzerland,73.4,87.5,64.1,75.4,63.1,2015,32.3,10284196.8,7381353.97,8282396.0,83806.45,Other High Income Countries,64.761867598806
Tajikistan,49.5,57.6,41.5,60.9,36.3,2015,34.0,179148.865,3304.31199,8524063.0,970.3626,Europe & Central Asia,5.334834107528
Thailand,57.0,77.2,59.2,49.2,35.3,2015,36.0,5373229.37,16141143.7,70294397.0,5708.794,East Asia & Pacific,12.34000393638
Togo,47.1,51.6,48.7,47.3,39.1,2015,43.1,445728.224,59256.8745,7473229.0,760.2429,Sub-Saharan Africa,1.93529957538
Tunisia,56.3,75.0,42.3,58.9,44.5,2015,32.8,741084.116,176876.578,11557779.0,3960.925,Middle East & North Africa,11.375647679336
Ukraine,53.1,60.9,44.3,67.2,38.2,2015,25.5,2187536.28,2725587.57,45154036.0,2124.663,Europe & Central Asia,10.321969882882
United Kingdom,76.5,91.7,71.4,77.4,61.1,2015,33.3,30260565.2,18967328.5,65116219.0,45071.07,Other High Income Countries,44.425335732414
United States,76.5,87.7,65.3,88.4,62.2,2015,41.2,70400740.5,47260618.4,320738994.0,56762.73,Other High Income Countries,54.421293546553
Uruguay,68.6,76.2,65.7,76.5,54.0,2015,40.1,833711.687,453132.258,3402818.0,16950.75,Latin America & Caribbean,22.413225142659
Zambia,45.6,36.6,49.8,50.1,48.6,2015,55.9,282384.54,332965.568,16248230.0,1307.91,Sub-Saharan Africa,1.608134730516
Australia,75.6,93.5,61.9,88.3,54.3,2016,33.7,10657805.0,6980477.26,24190907.0,49876.71,Other High Income Countries,51.968036848713
Austria,77.4,92.0,65.8,84.4,63.9,2016,30.8,5625039.92,7241324.76,8736668.0,45307.59,Other High Income Countries,56.993643046627
Bangladesh,54.2,53.3,66.3,53.3,42.7,2016,32.4,1452618.88,212169.978,159784568.0,1659.962,South Asia,3.57972486143
Belarus,65.6,75.5,52.6,82.1,50.2,2016,25.3,1407488.7,741368.342,9469379.0,5039.776,Europe & Central Asia,14.546709522111
Belgium,75.5,92.1,66.0,84.3,55.1,2016,27.6,16576076.7,19207920.4,11331422.0,42012.62,Other High Income Countries,49.966891214199
Bolivia,64.0,72.7,63.5,72.8,44.1,2016,45.2,455274.873,871477.566,11263015.0,3013.503,Latin America & Caribbean,13.80361327902
Brazil,70.2,72.5,69.8,84.9,52.7,2016,53.3,3679369.99,23244681.7,206859578.0,8680.735,Latin America & Caribbean,12.134782795694
Bulgaria,68.1,89.4,57.1,69.4,50.6,2016,40.6,1473871.49,1484655.12,7127822.0,7574.191,Europe & Central Asia,17.697788272969
Canada,72.6,86.1,61.4,82.4,57.3,2016,32.7,21872386.9,13370173.2,36109487.0,42315.6,Other High Income Countries,53.846062498984
China,70.7,80.6,73.1,73.9,51.7,2016,38.5,25298352.6,22949813.3,1387790000.0,8094.39,East Asia & Pacific,11.900492376119
Colombia,67.0,72.9,67.3,73.9,52.1,2016,50.6,2633026.24,1227124.72,47625955.0,5936.261,Latin America & Caribbean,9.622766815709
Costa Rica,74.7,82.5,73.9,70.7,69.3,2016,48.7,753938.446,1399006.0,4945205.0,11899.81,Latin America & Caribbean,16.407977254783
Denmark,77.7,92.0,65.1,89.3,61.0,2016,28.2,5308433.39,5970922.7,5728010.0,54664.0,Other High Income Countries,52.612035322278
Ecuador,62.0,73.5,50.4,64.4,57.2,2016,45.0,949007.671,2728262.84,16439585.0,6079.089,Latin America & Caribbean,10.725598989476
El Salvador,59.4,72.4,56.0,64.7,40.5,2016,40.0,797149.407,771214.345,6250510.0,3870.313,Latin America & Caribbean,8.388868491059
Finland,83.0,93.4,68.3,88.4,79.8,2016,27.1,2588741.92,683998.317,5495303.0,43814.03,Other High Income Countries,48.600227492817
France,76.9,91.9,67.9,86.8,57.0,2016,31.9,23774328.4,36567457.8,66724104.0,37062.53,Other High Income Countries,49.763168817361
Germany,78.5,92.5,66.9,86.7,64.8,2016,31.4,34162009.3,39134119.5,82348669.0,42136.12,Other High Income Countries,52.89615702821
Ghana,54.3,63.0,46.7,61.5,44.1,2016,43.5,902009.913,3178481.28,29554303.0,1900.398,Sub-Saharan Africa,3.737927189778
Greece,75.3,87.7,62.9,89.6,58.1,2016,35.0,2679853.79,2704949.79,10775971.0,17923.97,Other High Income Countries,21.675865559122
Honduras,58.8,58.3,56.4,62.5,58.6,2016,49.8,889505.543,515967.258,9460798.0,2295.536,Latin America & Caribbean,6.773335527329
Hungary,72.6,90.9,60.1,83.3,51.1,2016,30.3,2679913.25,3493330.38,9814023.0,13104.7,Europe & Central Asia,20.264920603527
India,59.3,62.9,67.1,60.4,44.9,2016,34.8,2818765.1,5715984.99,1338636340.0,1714.28,South Asia,3.788232852453
Indonesia,58.5,73.6,47.3,62.6,46.5,2016,39.3,6915139.45,6524033.08,261850182.0,3558.819,East Asia & Pacific,5.77910564201
Ireland,80.7,92.6,71.7,83.3,72.4,2016,32.8,5025462.01,8729064.25,4755335.0,62895.91,Other High Income Countries,40.217736482409
Israel,71.6,90.3,72.1,81.3,36.5,2016,39.0,3364129.09,1160404.22,8546000.0,37690.47,Other High Income Countries,30.952496753162
Italy,74.2,90.1,66.5,81.3,54.6,2016,35.2,14080097.8,25742544.7,60627498.0,30960.73,Other High Income Countries,40.319175388832
Kazakhstan,66.1,83.4,44.9,81.3,51.5,2016,27.2,1625812.17,309736.156,17794055.0,7714.842,Europe & Central Asia,9.291081893768
Malawi,40.3,24.0,43.1,44.4,54.8,2016,44.7,112365.516,591487.067,17405624.0,454.4433,Sub-Saharan Africa,1.64966067141
Mexico,65.4,79.1,52.8,74.0,52.5,2016,47.7,8096966.69,12890733.5,121519221.0,8875.082,Latin America & Caribbean,9.297324019818
Netherlands,76.2,92.9,66.9,81.5,59.1,2016,28.2,24072091.3,31874208.6,17030314.0,46039.11,Other High Income Countries,52.60617271814
Norway,81.2,84.4,68.3,89.0,83.8,2016,28.5,6493796.83,759660.758,5234519.0,70867.36,Other High Income Countries,64.389898104751
Panama,65.1,85.4,57.5,65.7,45.8,2016,50.4,1646231.56,204343.051,4026336.0,14382.23,Latin America & Caribbean,19.876503908364
Paraguay,59.2,82.1,51.0,66.1,31.0,2016,47.9,745201.46,1131753.91,6266615.0,5759.018,Latin America & Caribbean,12.044276345376
Peru,71.2,81.7,65.8,72.5,61.9,2016,43.6,1824074.69,2852735.21,31132779.0,6163.861,Latin America & Caribbean,9.922257077774
Poland,72.9,91.0,61.8,77.1,56.7,2016,31.2,7978185.45,13420769.3,37970087.0,12378.81,Europe & Central Asia,16.579114039133
Portugal,77.3,89.6,66.8,89.0,60.8,2016,35.2,3112730.91,3350055.37,10325452.0,19991.97,Other High Income Countries,25.043916912249
Romania,68.7,88.5,55.7,77.8,47.6,2016,34.4,2897060.73,1682779.2,19702267.0,9404.38,Europe & Central Asia,10.686536751459
Rwanda,44.0,44.4,39.3,47.3,45.6,2016,43.7,94013.8464,3557.03443,11930899.0,728.8067,Sub-Saharan Africa,2.073804885236
Spain,77.4,89.2,65.6,87.9,64.0,2016,35.8,12092627.8,14432440.1,46484062.0,26537.16,Other High Income Countries,37.523875267987
Sri Lanka,58.4,70.5,51.0,68.2,40.9,2016,39.3,853892.094,307648.488,21425494.0,4107.83,South Asia,6.587772316064
Sweden,78.7,90.5,71.5,84.1,65.6,2016,29.6,5854841.67,3416722.32,9923085.0,51965.16,Other High Income Countries,48.815612834161
Switzerland,74.2,88.7,61.6,79.8,63.1,2016,33.0,10193949.6,6977103.74,8373338.0,82153.07,Other High Income Countries,65.323687274998
Thailand,59.0,80.9,59.3,53.4,35.1,2016,36.9,5415289.52,16226105.9,70607037.0,5854.464,East Asia & Pacific,12.194284527957
Uganda,47.8,44.3,45.4,51.9,51.2,2016,42.8,216548.3,238751.901,38748299.0,753.6844,Sub-Saharan Africa,2.443991669265
Ukraine,49.5,51.7,38.6,68.0,40.4,2016,25.0,2567601.15,2830294.78,45004673.0,2187.728,Europe & Central Asia,10.639186992847
United Kingdom,77.0,92.2,70.6,79.9,61.1,2016,33.1,29748148.3,19113851.1,65611593.0,41146.08,Other High Income Countries,45.214055561638
United States,78.9,89.4,66.1,88.4,69.5,2016,41.1,73771702.0,45302255.7,323071755.0,57866.74,Other High Income Countries,57.640622208542
Uruguay,69.8,77.6,65.3,79.0,55.3,2016,39.7,791502.289,409482.183,3413766.0,16837.94,Latin America & Caribbean,22.016522991467
Austria,78.0,91.5,64.2,86.5,66.7,2017,29.7,5863724.5,7777315.99,8797566.0,47429.16,Other High Income Countries,57.028055664703
Belarus,65.1,77.7,47.1,82.1,51.1,2017,25.4,1743945.72,1048626.53,9458989.0,5785.535,Europe & Central Asia,14.996150945064
Belgium,77.0,90.5,68.2,86.4,59.4,2017,27.4,18006827.7,20831249.4,11375158.0,44198.48,Other High Income Countries,50.106458910638
Bolivia,65.4,71.8,65.1,78.2,44.4,2017,44.6,500467.201,644902.398,11435533.0,3280.008,Latin America & Caribbean,14.065414109612
Brazil,69.9,69.2,70.0,84.9,55.7,2017,53.3,4260694.18,24283265.0,208504960.0,9896.718,Latin America & Caribbean,12.19894056165
Bulgaria,68.3,89.1,55.8,69.5,53.3,2017,40.4,1600861.07,1390476.22,7075947.0,8386.589,Europe & Central Asia,17.449933211008
Canada,74.0,90.2,59.2,82.7,60.1,2017,33.3,23156562.4,14271896.1,36545236.0,45129.43,Other High Income Countries,55.42223854749
Chile,73.6,84.6,67.1,71.1,68.4,2017,44.4,3100714.9,4691978.76,18368577.0,15045.53,Latin America & Caribbean,16.919829035989
China,70.4,79.8,71.2,74.1,53.1,2017,39.1,29449456.0,24306941.6,1396215000.0,8817.045,East Asia & Pacific,12.26037386555
Colombia,67.4,67.8,71.9,74.1,55.4,2017,49.7,2651436.81,1389198.43,48351671.0,6449.971,Latin America & Caribbean,9.686625185912
Costa Rica,74.5,86.8,65.5,68.6,73.9,2017,48.3,819856.491,1408935.91,4993842.0,12118.13,Latin America & Caribbean,16.567548678897
Denmark,78.7,92.9,65.5,89.3,63.8,2017,28.7,5595452.46,6284147.15,5764980.0,57610.1,Other High Income Countries,53.34849152108
Ecuador,64.1,75.3,56.0,63.1,59.2,2017,44.7,1200215.27,2896009.16,16696944.0,6246.404,Latin America & Caribbean,11.174664797715
El Salvador,60.8,75.5,56.5,64.9,42.0,2017,38.0,772684.401,887534.658,6266654.0,3986.049,Latin America & Caribbean,8.630774940664
Finland,84.0,93.1,70.5,88.4,82.6,2017,27.4,2830398.72,752407.357,5508214.0,46412.14,Other High Income Countries,49.616214420108
France,78.6,91.1,66.6,86.7,67.0,2017,31.6,25025869.6,39827515.9,66918020.0,38781.05,Other High Income Countries,49.441663956179
Germany,79.1,92.0,66.9,86.8,67.6,2017,31.9,36290596.5,41672585.6,82657002.0,44652.59,Other High Income Countries,53.216514107245
Greece,76.4,89.6,62.6,89.8,60.8,2017,34.4,2795766.04,2712459.69,10754679.0,18582.09,Other High Income Countries,22.08974774779
Honduras,59.8,62.0,54.4,63.0,59.5,2017,49.4,939175.399,553460.574,9626842.0,2403.306,Latin America & Caribbean,6.678094226402
Hungary,72.7,90.9,58.0,83.6,53.8,2017,30.6,2970487.2,3814454.2,9787966.0,14621.24,Europe & Central Asia,21.57944479056
India,60.8,63.1,68.7,63.5,46.4,2017,35.9,3217869.26,5767993.65,1354195680.0,1957.97,South Asia,4.323100606623
Indonesia,60.0,74.3,50.4,62.7,48.8,2017,38.8,7476448.67,7453815.34,264498852.0,3839.785,East Asia & Pacific,5.978120315613
Ireland,81.6,92.7,73.2,82.8,75.1,2017,31.4,5383128.98,8704910.29,4807388.0,69970.95,Other High Income Countries,43.784885691067
Israel,71.9,91.0,69.6,81.3,39.3,2017,38.2,3574900.82,1262226.04,8713300.0,41114.78,Other High Income Countries,32.571719780707
Italy,74.8,90.7,65.2,81.5,57.4,2017,35.9,15004113.9,28498476.1,60536709.0,32406.72,Other High Income Countries,40.532335419878
Kazakhstan,66.0,79.3,48.6,81.2,52.3,2017,27.5,1896363.45,339379.281,18037776.0,9247.581,Europe & Central Asia,9.904096505421
Myanmar,54.0,56.5,45.2,64.3,50.3,2017,30.7,2279082.19,132769.17,52288341.0,1175.203,East Asia & Pacific,5.47138041819
Netherlands,76.6,92.1,66.5,81.7,61.9,2017,28.5,25655319.3,33433588.1,17131296.0,48675.22,Other High Income Countries,52.51014709047
Norway,81.6,84.7,67.6,89.1,85.4,2017,27.0,6751529.53,836588.328,5276968.0,76131.84,Other High Income Countries,64.22418539903
Panama,70.4,83.8,73.6,71.8,47.3,2017,49.9,1704441.44,202003.093,4096063.0,15185.97,Latin America & Caribbean,20.362755877175
Paraguay,59.7,77.6,50.5,67.0,38.6,2017,48.5,849740.67,994613.929,6355404.0,6136.058,Latin America & Caribbean,12.455099856495
Peru,72.2,83.3,65.2,70.8,66.6,2017,43.3,1934297.14,3529409.33,31605486.0,6676.308,Latin America & Caribbean,9.836351893972
Poland,73.2,89.9,62.2,77.0,59.5,2017,29.7,8512741.99,15219656.3,37974826.0,13815.5,Europe & Central Asia,16.996754633709
Portugal,78.1,90.1,67.1,89.0,63.6,2017,33.8,3528754.84,3552953.15,10300300.0,21490.43,Other High Income Countries,25.571098849574
Romania,70.9,88.4,53.6,84.1,53.7,2017,36.0,3331126.6,1760451.22,19588715.0,10727.97,Europe & Central Asia,15.409707417591
Spain,77.1,89.2,62.0,88.0,66.7,2017,34.7,13502288.2,16240033.4,46593236.0,28185.32,Other High Income Countries,38.031813591408
Sweden,80.4,91.7,74.2,84.5,68.3,2017,28.8,6124622.17,3642911.17,10057698.0,53791.51,Other High Income Countries,48.849628486885
Switzerland,74.8,88.1,65.8,77.5,64.2,2017,32.7,10998379.1,7022704.19,8451840.0,82254.38,Other High Income Countries,65.419411516594
Thailand,60.7,81.0,57.0,51.4,47.2,2017,36.5,5835197.83,17494592.9,70898202.0,6436.79,East Asia & Pacific,12.499311896751
Ukraine,54.5,63.5,39.5,72.9,40.6,2017,26.0,2996596.95,3310940.99,44831135.0,2638.325,Europe & Central Asia,11.528695262678
United Kingdom,77.7,92.3,71.3,79.4,63.9,2017,32.6,30870662.4,20492612.1,66058859.0,40622.69,Other High Income Countries,45.379648052989
United States,79.3,92.3,64.4,88.1,69.5,2017,41.2,80126350.4,46023739.0,325122128.0,59907.75,Other High Income Countries,58.498415917808
Uruguay,70.5,77.3,68.8,78.6,55.3,2017,39.5,842083.729,586773.443,3422200.0,18995.4,Latin America & Caribbean,22.866255484147
Angola,40.6,36.0,30.3,52.4,46.5,2018,51.3,1071100.47,27430.1991,31273533.0,2487.501,Sub-Saharan Africa,3.42055053924
Australia,77.1,93.9,65.4,87.8,57.1,2018,34.3,12400538.4,7513871.35,24966643.0,57206.99,Other High Income Countries,53.050494711908
Austria,77.5,89.7,64.4,86.6,66.7,2018,30.8,6432489.31,8781704.65,8840521.0,51466.56,Other High Income Countries,56.410740314322
Belarus,69.7,82.1,59.3,83.6,50.8,2018,25.2,1774776.08,1199472.78,9438785.0,6360.052,Europe & Central Asia,16.049614721046
Belgium,77.2,91.5,66.1,88.0,59.4,2018,27.2,18347438.6,22331243.1,11427054.0,47544.98,Other High Income Countries,51.246575988241
Benin,46.4,48.9,48.4,50.3,36.8,2018,37.9,464591.897,33148.6867,11940683.0,1194.438,Sub-Saharan Africa,3.481832567791
Bolivia,65.4,74.2,63.4,73.7,47.7,2018,42.6,464511.377,747188.997,11606905.0,3471.007,Latin America & Caribbean,14.127089461859
Brazil,73.6,82.5,70.3,83.7,55.5,2018,53.9,4581788.72,21852588.6,210166592.0,9121.02,Latin America & Caribbean,12.488155773863
Bulgaria,66.4,84.3,54.0,69.4,53.2,2018,41.3,1772822.39,1703025.09,7025037.0,9451.851,Europe & Central Asia,19.614900458565
Burkina Faso,50.6,49.2,54.0,54.0,45.3,2018,43.0,452990.117,5369.94528,20392723.0,779.2028,Sub-Saharan Africa,2.883932261422
Canada,76.1,91.3,62.5,86.9,60.1,2018,32.5,24063546.6,15298574.6,37065084.0,46547.8,Other High Income Countries,55.673191933391
Chad,42.3,50.3,36.8,46.2,34.0,2018,37.5,120389.085,517.512983,15604210.0,720.2651,Sub-Saharan Africa,2.879394802926
China,71.6,84.6,70.0,74.4,53.0,2018,38.5,32210955.0,26610343.2,1402760000.0,9905.406,East Asia & Pacific,12.847720387104
Colombia,72.0,82.8,71.9,73.0,56.6,2018,50.4,2796995.76,1449951.21,49276961.0,6782.038,Latin America & Caribbean,9.715157844631
Costa Rica,76.7,85.0,69.0,76.6,74.4,2018,48.0,858433.113,1410641.45,5040734.0,12383.15,Latin America & Caribbean,16.596836380834
Denmark,77.7,89.6,65.4,89.2,63.8,2018,28.2,6069673.04,6732738.31,5793636.0,61591.93,Other High Income Countries,54.51018576772
Ecuador,66.4,77.3,55.7,68.2,61.8,2018,45.4,1435864.14,3006322.8,17015672.0,6321.349,Latin America & Caribbean,10.939678761305
El Salvador,62.9,75.3,62.7,68.4,41.1,2018,38.6,830412.591,822759.041,6276342.0,4145.862,Latin America & Caribbean,9.23285636105
Finland,83.8,91.8,71.3,88.4,82.6,2018,27.3,3049059.21,813633.885,5515525.0,49987.63,Other High Income Countries,50.388139825008
France,78.4,89.3,65.3,86.4,70.3,2018,32.4,26793178.5,42545303.9,67158348.0,41557.85,Other High Income Countries,49.589757607674
Germany,78.2,89.0,67.1,86.8,67.6,2018,31.8,38710537.8,44446947.5,82905782.0,47939.28,Other High Income Countries,54.922703849562
Greece,76.4,89.5,63.0,89.5,60.8,2018,32.9,3068834.75,2926872.65,10732882.0,19756.99,Other High Income Countries,22.959246381408
Guinea,44.1,36.9,43.5,45.7,52.9,2018,29.6,522545.473,21940.3697,12554864.0,944.4173,Sub-Saharan Africa,3.803831127702
Honduras,61.8,62.5,67.7,55.6,60.5,2018,48.9,998532.37,544293.054,9792850.0,2457.686,Latin America & Caribbean,6.685337666622
Hungary,71.1,88.0,56.8,81.7,53.8,2018,29.6,3338012.68,4373248.57,9775564.0,16425.21,Europe & Central Asia,23.009550340271
India,61.8,67.0,69.2,62.3,46.2,2018,34.6,3194032.92,6361867.69,1369003306.0,1974.378,South Asia,4.880796150661
Indonesia,63.6,80.8,56.5,62.8,49.5,2018,38.4,7720370.35,8928719.8,267066843.0,3902.662,East Asia & Pacific,6.182008438129
Ireland,82.4,92.3,73.4,86.3,75.1,2018,30.6,6029044.37,9137098.65,4867316.0,79250.39,Other High Income Countries,44.72756208295
Israel,74.1,90.5,70.9,85.8,44.0,2018,38.6,3980145.08,1366918.16,8882800.0,42406.85,Other High Income Countries,33.645465742928
Italy,74.2,88.6,67.4,79.2,57.4,2018,35.2,15944014.8,31952094.7,60421760.0,34622.17,Other High Income Countries,40.67494319781
Kazakhstan,68.2,78.2,49.5,83.3,60.3,2018,27.8,2054573.96,383754.343,18276452.0,9812.625,Europe & Central Asia,10.417673807464
Malaysia,67.2,84.6,51.9,76.3,52.0,2018,41.2,7895982.44,5924897.75,32399271.0,11073.98,East Asia & Pacific,24.218781445505
Mali,49.7,49.5,54.8,55.2,38.8,2018,36.0,499782.471,14544.911,19934298.0,856.3566,Sub-Saharan Africa,3.768479032459
Mexico,65.6,77.3,53.4,76.1,53.2,2018,46.7,8630058.28,15550313.9,124013861.0,9857.007,Latin America & Caribbean,9.710894556643
Netherlands,80.7,89.9,73.8,87.6,69.2,2018,28.1,27610759.4,36028267.2,17231624.0,53044.53,Other High Income Countries,53.176446391949
Niger,50.8,46.7,54.6,50.1,52.9,2018,37.3,235657.089,2048.37955,22577058.0,567.3308,Sub-Saharan Africa,2.131262031857
Nigeria,44.7,36.6,44.8,52.6,47.5,2018,35.1,2423549.51,911180.496,198387623.0,2125.834,Sub-Saharan Africa,2.953270161343
Norway,82.3,87.1,67.6,89.0,85.7,2018,27.6,7327890.5,1037607.88,5311916.0,82792.84,Other High Income Countries,63.713527524321
Pakistan,53.4,68.8,55.3,49.8,34.1,2018,29.6,995060.809,1456684.98,219731479.0,1620.743,South Asia,4.073170441291
Panama,71.5,85.9,66.1,72.7,57.2,2018,49.2,1851412.15,180248.192,4165255.0,16156.07,Latin America & Caribbean,21.425737322715
Paraguay,60.6,78.2,51.3,69.0,39.0,2018,46.0,913575.899,1161103.93,6443328.0,6242.962,Latin America & Caribbean,13.157504681097
Peru,71.9,84.4,64.1,67.9,68.0,2018,42.4,1960236.49,3603861.92,32203944.0,6912.105,Latin America & Caribbean,10.145997704231
Philippines,59.3,74.2,56.5,66.7,35.0,2018,42.3,6607187.9,2623257.46,108568836.0,3194.673,East Asia & Pacific,5.293169162882
Poland,73.0,86.0,60.8,82.7,59.5,2018,30.2,9522891.06,17364953.4,37974750.0,15504.51,Europe & Central Asia,16.590326208979
Portugal,79.2,89.1,73.0,88.7,63.6,2018,33.5,3827608.4,3759726.32,10283822.0,23562.55,Other High Income Countries,27.109007641363
Romania,69.2,85.8,53.4,83.2,50.5,2018,35.8,3873878.98,2281150.88,19473970.0,12494.42,Europe & Central Asia,12.660549547861
Senegal,50.0,57.5,48.8,50.5,41.0,2018,38.3,938222.385,295701.18,15574909.0,1484.227,Sub-Saharan Africa,4.433556210338
Sierra Leone,40.1,32.8,38.0,46.3,46.0,2018,35.7,178825.404,24870.0455,7861281.0,519.65,Sub-Saharan Africa,2.959349693996
Spain,78.0,89.3,65.7,87.9,66.6,2018,34.7,14535573.2,17953017.7,46797754.0,30379.72,Other High Income Countries,37.846643963043
Sweden,80.9,90.4,74.2,88.2,68.3,2018,30.0,6658790.34,3782406.17,10175214.0,54589.06,Other High Income Countries,49.297501674997
Switzerland,78.5,87.7,74.2,79.9,69.5,2018,33.1,11471155.8,7282256.35,8514329.0,85216.64,Other High Income Countries,64.345624689541
Tanzania,45.2,40.9,51.4,49.7,39.7,2018,40.5,402864.071,447686.837,58090443.0,1011.6,Sub-Saharan Africa,2.330755441522
Thailand,61.7,85.8,53.8,52.1,47.8,2018,36.4,6512417.97,19302932.0,71127802.0,7124.559,East Asia & Pacific,12.285715865188
Togo,47.8,51.8,48.7,48.5,40.7,2018,42.5,511447.476,50682.8871,8046679.0,873.5552,Sub-Saharan Africa,3.205116136876
Ukraine,52.4,59.5,40.1,67.2,41.8,2018,26.1,3638719.51,3625111.94,44622518.0,3096.563,Europe & Central Asia,12.027804870461
United Arab Emirates,71.6,85.6,72.0,73.5,50.5,2018,26.0,7690762.9,3256457.45,9140169.0,46722.27,Other High Income Countries,72.121414953389
United Kingdom,76.9,89.3,71.2,79.8,63.9,2018,33.7,33301020.2,21772297.6,66460344.0,43306.31,Other High Income Countries,45.275318330522
United States,78.9,92.2,64.2,88.6,67.8,2018,41.4,88005634.4,49338344.4,326838199.0,62823.31,Other High Income Countries,61.16726036969
Uruguay,75.3,85.4,69.0,81.5,62.6,2018,39.7,839535.394,533012.348,3427042.0,19026.05,Latin America & Caribbean,22.304040245166
Austria,78.2,90.4,64.6,85.7,69.7,2019,30.2,6227251.72,8750926.94,8879920.0,50070.4,Other High Income Countries,57.642870392478
Belarus,71.6,85.2,63.0,84.2,50.5,2019,25.3,1878668.3,1138305.8,9419758.0,6837.767,Europe & Central Asia,17.134322609695
Belgium,75.8,90.1,62.4,88.1,59.4,2019,27.2,18041503.9,22297225.8,11488980.0,46641.71,Other High Income Countries,52.628465777148
Bolivia,65.6,75.0,62.9,74.1,47.7,2019,41.6,451514.259,791996.634,11777315.0,3472.381,Latin America & Caribbean,14.692893705714
Brazil,71.8,82.7,63.5,82.7,55.7,2019,53.5,4183202.69,19516605.1,211782878.0,8845.324,Latin America & Caribbean,12.88768786546
Bulgaria,68.2,86.2,56.2,70.8,54.8,2019,40.3,1898894.03,1700995.88,6975761.0,9878.769,Europe & Central Asia,20.862291329671
Canada,77.8,90.2,68.6,89.4,60.1,2019,31.7,23799541.8,16168931.5,37601230.0,46374.15,Other High Income Countries,56.303294472397
China,73.4,83.4,78.7,74.6,53.1,2019,38.2,31973444.4,24862651.4,1407745000.0,10143.86,East Asia & Pacific,13.339494068735
Colombia,71.0,82.4,68.8,73.3,56.0,2019,51.3,2979509.5,1456223.59,50187406.0,6436.509,Latin America & Caribbean,9.615212929314
Costa Rica,74.9,85.1,64.8,75.8,71.4,2019,48.2,876391.545,1387941.94,5084532.0,12669.34,Latin America & Caribbean,16.231756476111
Denmark,76.6,92.7,65.2,80.8,63.8,2019,27.7,5807534.72,6329231.46,5814422.0,59592.98,Other High Income Countries,54.080099251334
Ecuador,66.2,78.0,55.9,67.5,60.7,2019,45.7,1431004.14,2884417.25,17343740.0,6233.258,Latin America & Caribbean,10.678475495903
El Salvador,62.8,75.0,66.5,63.9,41.2,2019,38.8,859679.899,852509.309,6280217.0,4280.288,Latin America & Caribbean,9.886845388703
Finland,83.6,90.6,71.8,88.3,82.6,2019,27.7,2963171.74,829034.358,5521606.0,48629.86,Other High Income Countries,51.262199193314
France,77.9,88.9,63.1,87.4,70.3,2019,31.2,26192286.7,41306952.9,67388001.0,40494.9,Other High Income Countries,48.568476735472
Germany,78.5,89.5,68.3,86.0,67.6,2019,31.7,38091132.5,42715434.8,83092962.0,46793.69,Other High Income Countries,55.684286535515
Greece,75.7,88.9,61.6,88.6,60.7,2019,33.1,3023693.53,3271316.41,10721582.0,19144.28,Other High Income Countries,24.612948728936
Honduras,62.1,60.2,67.8,61.7,58.9,2019,48.2,1090970.97,594790.335,9958829.0,2519.366,Latin America & Caribbean,6.92771169526
Hungary,71.0,86.2,59.5,80.8,53.8,2019,30.0,3400959.12,4484857.18,9771141.0,16786.21,Europe & Central Asia,24.764103387488
India,61.1,66.1,68.2,61.1,46.6,2019,35.0,3163940.12,6106856.43,1383112050.0,2050.164,South Asia,4.486234279487
Indonesia,61.5,78.2,56.9,60.5,45.2,2019,37.6,7423429.53,9134244.87,269582878.0,4151.228,East Asia & Pacific,6.313889958685
Ireland,82.7,92.1,74.9,86.3,75.1,2019,30.8,5719214.79,9384914.3,4934340.0,80927.07,Other High Income Countries,46.412252672833
Italy,74.6,89.2,67.6,80.4,57.4,2019,34.6,15356221.3,31981330.7,59729081.0,33673.75,Other High Income Countries,42.62293487675
Malawi,46.6,33.0,51.1,49.3,57.1,2019,38.5,135111.973,621745.453,18867337.0,584.3629,Sub-Saharan Africa,1.533902762786
Mozambique,49.9,56.4,50.4,43.1,47.6,2019,50.5,574017.229,420156.909,30285595.0,508.1634,Sub-Saharan Africa,1.298211363626
Netherlands,80.9,91.7,72.5,87.5,69.2,2019,29.2,26268531.1,35104964.6,17344874.0,52476.27,Other High Income Countries,54.416994978333
Norway,81.7,83.6,67.9,89.0,87.4,2019,27.7,7471727.21,1133558.83,5347896.0,76430.59,Other High Income Countries,65.29984019713
Panama,74.5,86.3,72.7,74.9,60.4,2019,49.8,2015409.2,208191.785,4232532.0,16472.83,Latin America & Caribbean,21.854060904532
Paraguay,62.0,80.3,53.1,70.7,39.0,2019,45.7,819969.332,1011173.76,6530026.0,5807.839,Latin America & Caribbean,13.339131976837
Peru,74.7,87.9,67.7,72.0,67.7,2019,41.6,1938523.62,3765521.46,32824861.0,6955.882,Latin America & Caribbean,10.406589164541
Poland,75.5,87.8,62.1,82.8,66.8,2019,28.8,9530509.14,17899059.4,37965475.0,15700.01,Europe & Central Asia,17.241077519876
Portugal,78.8,89.8,71.1,87.9,63.6,2019,32.8,3836567.0,3604022.17,10286263.0,23330.82,Other High Income Countries,29.427643189886
Romania,70.5,84.5,58.0,82.7,53.7,2019,34.8,4053688.67,2509174.34,19371648.0,12958.0,Europe & Central Asia,19.027610318088
Spain,77.2,88.6,64.5,86.9,66.6,2019,34.3,14025290.6,17583410.9,47134837.0,29581.52,Other High Income Countries,40.291455539807
Sri Lanka,59.7,76.9,55.8,59.0,42.0,2019,37.7,793941.912,498796.324,21803000.0,4082.694,South Asia,6.913039966342
Sweden,80.4,89.7,74.1,87.2,68.3,2019,29.3,6530276.69,3890361.47,10278887.0,51939.43,Other High Income Countries,50.568716958743
Thailand,62.4,85.4,56.7,51.4,48.9,2019,34.9,6571140.13,19135145.6,71307763.0,7628.576,East Asia & Pacific,12.539442961549
Uganda,48.0,52.9,39.1,44.1,55.3,2019,42.7,238490.004,194562.135,42949080.0,823.0247,Sub-Saharan Africa,2.46764289027
Ukraine,55.5,65.3,41.9,72.5,40.7,2019,26.6,4072747.18,3998946.1,44386203.0,3661.458,Europe & Central Asia,13.127842546895
United Kingdom,78.4,89.0,70.6,80.0,71.2,2019,32.8,32008838.8,21332013.0,66836327.0,42747.08,Other High Income Countries,47.227263211616
United States,78.7,91.4,64.1,88.8,67.8,2019,41.5,90958001.1,48093358.5,328329953.0,65120.39,Other High Income Countries,65.042754993198
Uruguay,74.2,78.8,70.2,80.4,66.1,2019,39.7,799367.786,473841.841,3428409.0,18098.36,Latin America & Caribbean,21.99966804895
Austria,78.9,91.4,65.2,86.7,69.7,2020,29.8,6589290.7,9290699.94,8916864.0,48809.23,Other High Income Countries,59.103534030797
Belarus,69.4,83.0,54.5,81.8,55.4,2020,24.4,1962229.17,1264900.68,9379952.0,6542.865,Europe & Central Asia,17.238052096335
Belgium,76.5,92.3,62.4,88.0,59.4,2020,26.0,17846279.3,22936634.1,11538604.0,45517.9,Other High Income Countries,53.040030391239
Bolivia,64.8,74.3,60.5,74.1,47.7,2020,43.6,421858.408,794990.409,11936162.0,3068.813,Latin America & Caribbean,14.018767564638
Brazil,68.1,72.2,61.2,82.7,55.8,2020,48.9,3860724.07,22089310.1,213196304.0,6923.7,Latin America & Caribbean,13.488485724118
Bulgaria,68.7,83.1,59.0,72.8,56.4,2020,40.5,1934425.48,1712592.84,6934015.0,10153.48,Europe & Central Asia,22.822475178828
Chile,74.1,81.2,70.0,76.2,67.0,2020,44.9,3379031.03,4339086.21,19300315.0,13165.39,Latin America & Caribbean,17.012725014568
China,70.3,77.2,72.5,74.6,54.4,2020,37.1,32890665.2,24294627.5,1411100000.0,10408.72,East Asia & Pacific,12.517024286632
Colombia,64.9,72.5,56.1,73.2,56.5,2020,53.5,2849130.89,1523381.75,50930662.0,5304.289,Latin America & Caribbean,8.116921718564
Costa Rica,76.3,86.0,66.6,75.8,74.5,2020,49.2,845713.063,1438611.27,5123105.0,12179.26,Latin America & Caribbean,13.882614331924
Denmark,76.1,91.9,64.1,80.8,63.8,2020,27.5,6102913.9,6157558.76,5831404.0,60915.42,Other High Income Countries,56.418723864139
Ecuador,65.3,72.2,57.3,68.5,62.0,2020,47.3,1314433.0,3055978.37,17588595.0,5645.199,Latin America & Caribbean,9.163350999315
Finland,84.3,91.9,72.9,88.4,82.6,2020,27.1,2940515.57,771754.873,5529543.0,49169.72,Other High Income Countries,51.208989648061
France,78.0,89.1,63.2,87.5,70.3,2020,30.7,26443888.3,38903339.2,67571107.0,39055.28,Other High Income Countries,50.136960927168
Greece,75.6,90.3,61.9,86.4,60.7,2020,33.6,3003609.32,3441271.21,10698599.0,17658.95,Other High Income Countries,24.813005097954
Hungary,71.1,85.2,60.5,81.6,53.7,2020,29.7,3553918.01,4785390.08,9750149.0,16125.61,Europe & Central Asia,26.530985583914
India,60.1,58.5,68.8,61.3,51.3,2020,34.8,2760165.31,6778429.69,1396387127.0,1913.22,South Asia,4.225001753742
Indonesia,61.6,83.3,57.2,53.9,45.5,2020,37.6,7386891.01,9451774.7,271857970.0,3895.618,East Asia & Pacific,6.425735475571
Ireland,82.4,93.2,72.7,86.1,75.1,2020,29.2,5913313.63,8799666.43,4985382.0,85420.19,Other High Income Countries,49.206359992411
Italy,75.1,90.0,68.5,80.4,57.3,2020,35.2,15080561.4,33313721.4,59438851.0,31918.69,Other High Income Countries,41.834788370182
Kenya,51.9,50.3,50.1,55.8,51.9,2020,36.2,872625.862,419881.346,51985780.0,1936.251,Sub-Saharan Africa,2.685120515487
Mexico,70.4,80.3,63.2,78.1,57.4,2020,45.4,8079072.33,17819338.6,125998302.0,8654.997,Latin America & Caribbean,9.551501913374
Netherlands,79.5,88.6,71.1,87.0,69.2,2020,26.0,26017801.9,36311946.7,17441500.0,52162.57,Other High Income Countries,58.848733932086
Paraguay,65.9,84.0,59.0,78.9,36.4,2020,43.5,808248.747,940959.545,6618695.0,5353.348,Latin America & Caribbean,12.314926153979
Peru,73.0,80.5,67.6,73.2,68.6,2020,43.8,1923608.49,3236071.5,33304756.0,6063.627,Latin America & Caribbean,7.891171914127
Portugal,79.7,90.8,72.3,89.2,63.6,2020,34.7,3682734.91,3687392.77,10297081.0,22242.41,Other High Income Countries,29.735260388591
Romania,71.7,84.0,63.4,82.4,53.7,2020,34.6,4214796.26,2727360.48,19265250.0,13047.46,Europe & Central Asia,21.184145735412
Spain,77.4,89.7,64.0,86.7,66.5,2020,34.9,13285756.2,18196284.7,47365655.0,26959.68,Other High Income Countries,40.263650380282
Sweden,79.3,89.6,69.5,87.3,68.3,2020,28.9,6710546.76,3997873.26,10353442.0,52837.9,Other High Income Countries,51.812824938213
Thailand,61.4,82.1,55.9,50.9,50.5,2020,35.0,6843327.49,18478142.8,71475664.0,7001.785,East Asia & Pacific,12.889152320879
Ukraine,57.8,69.9,44.1,71.4,43.2,2020,25.6,4708207.01,3821194.38,44132049.0,3751.737,Europe & Central Asia,12.599211557682
United Kingdom,78.8,90.4,70.7,80.0,71.2,2020,32.6,57958831.7,19395060.9,67081234.0,40318.42,Other High Income Countries,46.315542008859
United States,79.1,90.7,66.6,88.8,67.8,2020,39.7,92186954.6,47518733.3,331511512.0,63528.63,Other High Income Countries,68.373869786692
Uruguay,74.1,78.7,69.0,80.5,67.3,2020,40.2,700791.21,426030.629,3429086.0,15650.5,Latin America & Caribbean,20.326619338768
Bolivia,64.7,72.6,67.1,70.0,46.0,2021,40.9,444039.085,1079181.02,12079472.0,3345.197,Latin America & Caribbean,14.91199872101
Brazil,66.2,66.4,59.0,83.8,56.3,2021,52.9,3996793.25,25605717.5,214326223.0,7696.786,Latin America & Caribbean,11.594398665337
Colombia,63.0,71.0,55.5,67.3,56.3,2021,51.5,3674554.3,1670845.96,51516562.0,6182.707,Latin America & Caribbean,8.621794473738
Costa Rica,77.7,85.5,72.3,78.1,72.8,2021,48.7,1015658.97,1710131.55,5153957.0,12537.26,Latin America & Caribbean,15.924461694936
Ecuador,64.9,70.6,57.3,68.5,62.0,2021,45.8,1796943.69,3125887.28,17797737.0,5965.133,Latin America & Caribbean,10.100934393621
El Salvador,62.3,73.4,70.5,64.5,36.3,2021,39.0,1071669.92,923804.68,6314167.0,4664.311,Latin America & Caribbean,10.26513381983
India,58.4,53.0,68.5,61.4,51.4,2021,34.2,3117259.8,9520356.45,1407563842.0,2238.127,South Asia,4.4842527913
Indonesia,59.8,78.1,57.0,52.9,45.5,2021,37.9,9172892.68,11121891.2,273753191.0,4334.216,East Asia & Pacific,6.342773129376
Kenya,52.6,50.6,50.6,58.7,51.4,2021,38.7,781961.371,345170.336,53005614.0,2069.661,Sub-Saharan Africa,2.613244235382
Panama,74.2,86.3,71.8,74.8,60.1,2021,50.9,1779985.71,214620.11,4351267.0,15491.29,Latin America & Caribbean,19.199842885702
Paraguay,64.6,83.8,53.6,76.6,39.1,2021,42.9,852900.871,1106158.03,6703799.0,5959.442,Latin America & Caribbean,12.459649062575
Peru,73.1,86.1,61.4,74.3,67.5,2021,40.2,2134258.51,4148973.7,33715471.0,6635.464,Latin America & Caribbean,9.126669279395
Philippines,59.6,74.6,54.8,64.6,40.0,2021,40.7,7203271.95,2883677.28,113880328.0,3460.539,East Asia & Pacific,4.976315438579
Thailand,62.1,83.2,56.7,50.9,51.4,2021,35.1,8273036.68,19102137.4,71601103.0,7060.898,East Asia & Pacific,12.938362706874
United States,78.7,87.6,67.3,88.8,69.4,2021,39.8,106698855.0,53358237.6,332031554.0,70219.47,Other High Income Countries,66.645184233297
Uruguay,69.2,71.7,63.9,74.9,65.8,2021,40.8,799377.207,462902.75,3426260.0,17924.0,Latin America & Caribbean,20.208952323596
